San Jose Mercury News,Breaking News (All),http://delivery.digitalfirstmedia.com/ConvergencePublisher/?format=bangmulti2spreed&uri=http://delivery.digitalfirstmedia.com/XML/BANG_Breaking_News.xml,
San Jose Mercury News,News (All),http://feeds.cal-one.net/rss_content/remove_email_links.php?feed=mercurynews-local-news.xml,
San Jose Mercury News,All Sports (Smartphone),http://feeds.cal-one.net/rss_content/remove_email_links.php?feed=bayarea-sports.xml,
San Jose Mercury News,SF Giants (Smartphone),http://feeds.cal-one.net/rss_content/remove_email_links.php?feed=http://feeds.mercurynews.com/mngi/rss/CustomRssServlet/568/261302.xml,
San Jose Mercury News,Oakland A's (Smartphone),http://feeds.cal-one.net/rss_content/remove_email_links.php?feed=http://feeds.mercurynews.com/mngi/rss/CustomRssServlet/568/261303.xml,
San Jose Mercury News,High School Sports (Smartphone),http://feeds.mercurynews.com/mngi/rss/CustomRssServlet/568/200902.xml,
San Jose Mercury News,Entertainment (Smartphone),http://delivery.digitalfirstmedia.com/ConvergencePublisher/?format=genericxml2spreed&uri=http://feeds.contracostatimes.com/mngi/rss/CustomRssServlet/571/255604.xml,
San Jose Mercury News,Living (Smartphone),http://feeds.cal-one.net/rss_content/remove_email_links.php?feed=bayarea-living.xml,
San Jose Mercury News,Business (Smartphone),http://delivery.digitalfirstmedia.com/ConvergencePublisher/?format=genericxml2spreed&uri=http://feeds.mercurynews.com/mngi/rss/CustomRssServlet/568/254424.xml,
San Jose Mercury News,Opinion (Smartphone),http://feeds.mercurynews.com/mngi/rss/CustomRssServlet/568/200766.xml,
San Jose Mercury News,Columnists (Smartphone),http://feeds.cal-one.net/rss_content/ipad_ready.php?file=http://feeds.cal-one.net/rss_content/bayarea-ipad-columnists.xml,
San Jose Mercury News,California (Smartphone),http://delivery.digitalfirstmedia.com/ConvergencePublisher/?format=genericxml2spreed&uri=http://feeds.mercurynews.com/mngi/rss/CustomRssServlet/568/260952.xml,
San Jose Mercury News,Nation-World (Smartphone),http://delivery.digitalfirstmedia.com/ConvergencePublisher/?format=genericxml2spreed&uri=http://feeds.mercurynews.com/mngi/rss/CustomRssServlet/568/259932.xml,
San Jose Mercury News,SF Giants (All),http://feeds.cal-one.net/rss_content/remove_email_links.php?feed=http://feeds.mercurynews.com/mngi/rss/CustomRssServlet/568/261302.xml,
San Jose Mercury News,Silicon Valley.com (Smartphone),http://feeds.cal-one.net/rss_content/remove_email_links.php?feed=siliconvalley-top-news.xml,
San Jose Mercury News,Top Stories (iPad),http://delivery.digitalfirstmedia.com/ConvergencePublisher/?format=genericxml2spreed&uri=http://feeds.mercurynews.com/mngi/rss/CustomRssServlet/568/262711.xml,
San Jose Mercury News,Latest News (iPad),http://delivery.digitalfirstmedia.com/ConvergencePublisher/?format=bangmulti2spreed&uri=http://delivery.digitalfirstmedia.com/XML/BANG_Latest_News.xml,
San Jose Mercury News,Local News (iPad),http://delivery.digitalfirstmedia.com/ConvergencePublisher/?format=bangmulti2spreed&uri=http://delivery.digitalfirstmedia.com/XML/BANG_Local_News.xml,
San Jose Mercury News,49ers (all),http://delivery.digitalfirstmedia.com/ConvergencePublisher/?format=genericxml2spreed&uri=http://feeds.mercurynews.com/mngi/rss/CustomRssServlet/568/262706.xml,
San Jose Mercury News,Raiders (all),http://delivery.digitalfirstmedia.com/ConvergencePublisher/?format=genericxml2spreed&uri=http://feeds.mercurynews.com/mngi/rss/CustomRssServlet/568/262707.xml,
San Jose Mercury News,Warriors (all),http://delivery.digitalfirstmedia.com/ConvergencePublisher/?format=genericxml2spreed&uri=http://feeds.mercurynews.com/mngi/rss/CustomRssServlet/568/262709.xml,
San Jose Mercury News,Sharks (all),http://delivery.digitalfirstmedia.com/ConvergencePublisher/?format=genericxml2spreed&uri=http://feeds.mercurynews.com/mngi/rss/CustomRssServlet/568/262708.xml,
San Jose Mercury News,Earthquakes (all),http://delivery.digitalfirstmedia.com/ConvergencePublisher/?format=genericxml2spreed&uri=http://feeds.mercurynews.com/mngi/rss/CustomRssServlet/568/262710.xml,
San Jose Mercury News,Oakland A's (All),http://feeds.cal-one.net/rss_content/remove_email_links.php?feed=http://feeds.mercurynews.com/mngi/rss/CustomRssServlet/568/261303.xml,
San Jose Mercury News,Sports (iPad),http://delivery.digitalfirstmedia.com/ConvergencePublisher/?format=bangmulti2spreed&uri=http://delivery.digitalfirstmedia.com/XML/BANG_Sports.xml,
San Jose Mercury News,High School Sports  (iPad),http://delivery.digitalfirstmedia.com/ConvergencePublisher/?format=bangmulti2spreed&uri=http://delivery.digitalfirstmedia.com/XML/BANG_High_School_Sports.xml,
San Jose Mercury News,Entertainment (iPad),http://delivery.digitalfirstmedia.com/ConvergencePublisher/?format=bangmulti2spreed&uri=http://delivery.digitalfirstmedia.com/XML/BANG_Entertainment.xml,
San Jose Mercury News,Living (iPad),http://delivery.digitalfirstmedia.com/ConvergencePublisher/?format=bangmulti2spreed&uri=http://delivery.digitalfirstmedia.com/XML/BANG_Living.xml,
San Jose Mercury News,Business (iPad),http://delivery.digitalfirstmedia.com/ConvergencePublisher/?format=bangmulti2spreed&uri=http://delivery.digitalfirstmedia.com/XML/BANG_Business.xml,
San Jose Mercury News,Opinion (iPad),http://delivery.digitalfirstmedia.com/ConvergencePublisher/?format=bangmulti2spreed&uri=http://delivery.digitalfirstmedia.com/XML/BANG_Opinion.xml,
San Jose Mercury News,Columnists (All),http://feeds.cal-one.net/rss_content/ipad_ready.php?file=http://feeds.cal-one.net/rss_content/bayarea-ipad-columnists.xml,
San Jose Mercury News,California (All),http://delivery.digitalfirstmedia.com/ConvergencePublisher/?format=genericxml2spreed&uri=http://feeds.mercurynews.com/mngi/rss/CustomRssServlet/568/260952.xml,
San Jose Mercury News,Nation-World (All),http://delivery.digitalfirstmedia.com/ConvergencePublisher/?format=genericxml2spreed&uri=http://feeds.mercurynews.com/mngi/rss/CustomRssServlet/568/259932.xml,
San Jose Mercury News,Silicon Valley.com (All),http://feeds.cal-one.net/rss_content/remove_email_links.php?feed=siliconvalley-top-news.xml,
Bay Area News,Breaking News (all),http://delivery.digitalfirstmedia.com/ConvergencePublisher/?format=bangmulti2spreed&uri=http://delivery.digitalfirstmedia.com/XML/BANG_Breaking_News.xml,
Bay Area News,Local News  (all),http://feeds.cal-one.net/rss_content/remove_email_links.php?feed=bayarea-local-news.xml,
Bay Area News,California  (all),http://delivery.digitalfirstmedia.com/ConvergencePublisher/?format=genericxml2spreed&uri=http://feeds.mercurynews.com/mngi/rss/CustomRssServlet/568/260952.xml,
Bay Area News,Nation/World  (all),http://delivery.digitalfirstmedia.com/ConvergencePublisher/?format=genericxml2spreed&uri=http://feeds.mercurynews.com/mngi/rss/CustomRssServlet/568/259932.xml,
Bay Area News,SF Giants (All),http://feeds.cal-one.net/rss_content/remove_email_links.php?feed=http://feeds.mercurynews.com/mngi/rss/CustomRssServlet/568/261302.xml,
Bay Area News,Oakland A's (All),http://feeds.cal-one.net/rss_content/remove_email_links.php?feed=http://feeds.mercurynews.com/mngi/rss/CustomRssServlet/568/261303.xml,
Bay Area News,Sports  (all),http://feeds.cal-one.net/rss_content/remove_email_links.php?feed=bayarea-sports.xml,
Bay Area News,49ers (all),http://delivery.digitalfirstmedia.com/ConvergencePublisher/?format=genericxml2spreed&uri=http://feeds.mercurynews.com/mngi/rss/CustomRssServlet/568/262706.xml,
Bay Area News,Raiders (all),http://delivery.digitalfirstmedia.com/ConvergencePublisher/?format=genericxml2spreed&uri=http://feeds.mercurynews.com/mngi/rss/CustomRssServlet/568/262707.xml,
Bay Area News,Warriors (all),http://delivery.digitalfirstmedia.com/ConvergencePublisher/?format=genericxml2spreed&uri=http://feeds.mercurynews.com/mngi/rss/CustomRssServlet/568/262709.xml,
Bay Area News,Sharks (all),http://delivery.digitalfirstmedia.com/ConvergencePublisher/?format=genericxml2spreed&uri=http://feeds.mercurynews.com/mngi/rss/CustomRssServlet/568/262708.xml,
Bay Area News,Earthquakes (all),http://delivery.digitalfirstmedia.com/ConvergencePublisher/?format=genericxml2spreed&uri=http://feeds.mercurynews.com/mngi/rss/CustomRssServlet/568/262710.xml,
Bay Area News,Business  (all),http://delivery.digitalfirstmedia.com/ConvergencePublisher/?format=genericxml2spreed&uri=http://feeds.mercurynews.com/mngi/rss/CustomRssServlet/568/254424.xml,
Bay Area News,SV.com (all),http://feeds.cal-one.net/rss_content/remove_email_links.php?feed=siliconvalley-top-news.xml,
Bay Area News,Entertainment (all),http://delivery.digitalfirstmedia.com/ConvergencePublisher/?format=genericxml2spreed&uri=http://feeds.contracostatimes.com/mngi/rss/CustomRssServlet/571/255604.xml,
Bay Area News,Lifestyle (smartphone),http://feeds.cal-one.net/rss_content/remove_email_links.php?feed=bayarea-living.xml,
Bay Area News,Opinion (smartphone),http://delivery.digitalfirstmedia.com/ConvergencePublisher/?format=genericxml2spreed&uri=http://feeds.contracostatimes.com/mngi/rss/CustomRssServlet/571/255605.xml,
Bay Area News,Home (iPad),http://delivery.digitalfirstmedia.com/ConvergencePublisher/?format=genericxml2spreed&uri=http://feeds.mercurynews.com/mngi/rss/CustomRssServlet/568/255504.xml,
Bay Area News,Opinion (iPad),http://delivery.digitalfirstmedia.com/ConvergencePublisher/?format=genericxml2spreed&uri=http://feeds.contracostatimes.com/mngi/rss/CustomRssServlet/571/255605.xml,
Bay Area News,Columnists (iPad),http://feeds.cal-one.net/rss_content/ipad_ready.php?file=http://feeds.cal-one.net/rss_content/bayarea-ipad-columnists.xml,
Contra Costa Times,Top Stories (all),http://delivery.digitalfirstmedia.com/ConvergencePublisher/?format=genericxml2spreed&uri=http://feeds.contracostatimes.com/mngi/rss/CustomRssServlet/571/262712.xml,
Contra Costa Times,News (all),http://feeds.cal-one.net/rss_content/contracostatimes-local-news.xml,
Contra Costa Times,SF Giants (All),http://feeds.cal-one.net/rss_content/remove_email_links.php?feed=http://feeds.mercurynews.com/mngi/rss/CustomRssServlet/568/261302.xml,
Contra Costa Times,Oakland A's (All),http://feeds.cal-one.net/rss_content/remove_email_links.php?feed=http://feeds.mercurynews.com/mngi/rss/CustomRssServlet/568/261303.xml,
Contra Costa Times,All Sports (smartphone),http://delivery.digitalfirstmedia.com/ConvergencePublisher/?format=bangmulti2spreed&uri=http://delivery.digitalfirstmedia.com/XML/BANG_Sports.xml,
Contra Costa Times,High School Sports (all),http://feeds.contracostatimes.com/mngi/rss/CustomRssServlet/571/256806.xml,
Contra Costa Times,49ers (all),http://delivery.digitalfirstmedia.com/ConvergencePublisher/?format=genericxml2spreed&uri=http://feeds.mercurynews.com/mngi/rss/CustomRssServlet/568/262706.xml,
Contra Costa Times,Raiders (all),http://delivery.digitalfirstmedia.com/ConvergencePublisher/?format=genericxml2spreed&uri=http://feeds.mercurynews.com/mngi/rss/CustomRssServlet/568/262707.xml,
Contra Costa Times,Warriors (all),http://delivery.digitalfirstmedia.com/ConvergencePublisher/?format=genericxml2spreed&uri=http://feeds.mercurynews.com/mngi/rss/CustomRssServlet/568/262709.xml,
Contra Costa Times,Sharks (all),http://delivery.digitalfirstmedia.com/ConvergencePublisher/?format=genericxml2spreed&uri=http://feeds.mercurynews.com/mngi/rss/CustomRssServlet/568/262708.xml,
Contra Costa Times,Earthquakes (all),http://delivery.digitalfirstmedia.com/ConvergencePublisher/?format=genericxml2spreed&uri=http://feeds.mercurynews.com/mngi/rss/CustomRssServlet/568/262710.xml,
Contra Costa Times,Entertainment (all),http://delivery.digitalfirstmedia.com/ConvergencePublisher/?format=genericxml2spreed&uri=http://feeds.mercurynews.com/mngi/rss/CustomRssServlet/568/254425.xml,
Contra Costa Times,Living,http://feeds.cal-one.net/rss_content/remove_email_links.php?feed=bayarea-living.xml,
Contra Costa Times,Business  (all),http://delivery.digitalfirstmedia.com/ConvergencePublisher/?format=genericxml2spreed&uri=http://feeds.mercurynews.com/mngi/rss/CustomRssServlet/568/254424.xml,
Contra Costa Times,Opinion,http://feeds.contracostatimes.com/mngi/rss/CustomRssServlet/571/256807.xml,
Contra Costa Times,Columnists (all),http://feeds.cal-one.net/rss_content/ipad_ready.php?file=http://feeds.cal-one.net/rss_content/bayarea-ipad-columnists.xml,
Contra Costa Times,California  (all),http://delivery.digitalfirstmedia.com/ConvergencePublisher/?format=genericxml2spreed&uri=http://feeds.mercurynews.com/mngi/rss/CustomRssServlet/568/260952.xml,
Contra Costa Times,Nation/World  (all),http://extras.denverpost.com/media/xRSS/Nation_World_230615.xml,
Contra Costa Times,SV.com (all),http://feeds.cal-one.net/rss_content/remove_email_links.php?feed=siliconvalley-top-news.xml,
Hayward Daily Review,Breaking News (smartphone),http://delivery.digitalfirstmedia.com/ConvergencePublisher/?format=bangmulti2spreed&uri=http://delivery.digitalfirstmedia.com/XML/BANG_Breaking_News.xml,
Hayward Daily Review,News (all),http://feeds.insidebayarea.com/mngi/rss/CustomRssServlet/181/246814.xml,
Hayward Daily Review,News (iPad),http://delivery.digitalfirstmedia.com/ConvergencePublisher/?format=genericxml2spreed&uri=http://feeds.insidebayarea.com/mngi/rss/CustomRssServlet/181/260775.xml,
Hayward Daily Review,SF Giants (All),http://feeds.cal-one.net/rss_content/remove_email_links.php?feed=http://feeds.mercurynews.com/mngi/rss/CustomRssServlet/568/261302.xml,
Hayward Daily Review,Oakland A's (All),http://feeds.cal-one.net/rss_content/remove_email_links.php?feed=http://feeds.mercurynews.com/mngi/rss/CustomRssServlet/568/261303.xml,
Hayward Daily Review,49ers (all),http://delivery.digitalfirstmedia.com/ConvergencePublisher/?format=genericxml2spreed&uri=http://feeds.mercurynews.com/mngi/rss/CustomRssServlet/568/262706.xml,
Hayward Daily Review,Raiders (all),http://delivery.digitalfirstmedia.com/ConvergencePublisher/?format=genericxml2spreed&uri=http://feeds.mercurynews.com/mngi/rss/CustomRssServlet/568/262707.xml,
Hayward Daily Review,Warriors (all),http://delivery.digitalfirstmedia.com/ConvergencePublisher/?format=genericxml2spreed&uri=http://feeds.mercurynews.com/mngi/rss/CustomRssServlet/568/262709.xml,
Hayward Daily Review,Sharks (all),http://delivery.digitalfirstmedia.com/ConvergencePublisher/?format=genericxml2spreed&uri=http://feeds.mercurynews.com/mngi/rss/CustomRssServlet/568/262708.xml,
Hayward Daily Review,Sports  (all),http://feeds.contracostatimes.com/mngi/rss/CustomRssServlet/571/247002.xml,
Hayward Daily Review,High School Sports (all),http://delivery.digitalfirstmedia.com/ConvergencePublisher/?format=genericxml2spreed&uri=http://feeds.contracostatimes.com/mngi/rss/CustomRssServlet/571/260777.xml,
Hayward Daily Review,Entertainment (all),http://delivery.digitalfirstmedia.com/ConvergencePublisher/?format=genericxml2spreed&uri=http://feeds.insidebayarea.com/mngi/rss/CustomRssServlet/181/260778.xml,
Hayward Daily Review,Living,http://delivery.digitalfirstmedia.com/ConvergencePublisher/?format=genericxml2spreed&uri=http://feeds.insidebayarea.com/mngi/rss/CustomRssServlet/181/260779.xml,
Hayward Daily Review,Business  (all),http://feeds.insidebayarea.com/mngi/rss/CustomRssServlet/181/246816.xml,
Hayward Daily Review,Opinion,http://feeds.contracostatimes.com/mngi/rss/CustomRssServlet/571/247005.xml,
Hayward Daily Review,Columnists (all),http://feeds.cal-one.net/rss_content/ipad_ready.php?file=http://feeds.cal-one.net/rss_content/bayarea-ipad-columnists.xml,
Hayward Daily Review,California  (all),http://delivery.digitalfirstmedia.com/ConvergencePublisher/?format=genericxml2spreed&uri=http://feeds.mercurynews.com/mngi/rss/CustomRssServlet/568/260952.xml,
Hayward Daily Review,Nation/World  (all),http://delivery.digitalfirstmedia.com/ConvergencePublisher/?format=genericxml2spreed&uri=http://feeds.mercurynews.com/mngi/rss/CustomRssServlet/568/259932.xml,
Hayward Daily Review,SV.com (all),http://feeds.cal-one.net/rss_content/siliconvalley-top-news.xml,
Hayward Daily Review,News (iPad),http://delivery.digitalfirstmedia.com/ConvergencePublisher/?format=genericxml2spreed&uri=http://feeds.insidebayarea.com/mngi/rss/CustomRssServlet/181/260775.xml,
Hayward Daily Review,Entertainment (iPad),http://delivery.digitalfirstmedia.com/ConvergencePublisher/?format=genericxml2spreed&uri=http://feeds.insidebayarea.com/mngi/rss/CustomRssServlet/181/260778.xml,
Hayward Daily Review,Living (iPad),http://delivery.digitalfirstmedia.com/ConvergencePublisher/?format=genericxml2spreed&uri=http://feeds.insidebayarea.com/mngi/rss/CustomRssServlet/181/260779.xml,
Hayward Daily Review,FYI Driving (all),http://www.fyidriving.com/?feed=mobileappfeed,
Oakland Tribune,Breaking News (all),http://delivery.digitalfirstmedia.com/ConvergencePublisher/?format=bangmulti2spreed&uri=http://delivery.digitalfirstmedia.com/XML/BANG_Breaking_News.xml,
Oakland Tribune,News (all),http://feeds.insidebayarea.com/mngi/rss/CustomRssServlet/181/246824.xml,
Oakland Tribune,SF Giants (All),http://feeds.cal-one.net/rss_content/remove_email_links.php?feed=http://feeds.mercurynews.com/mngi/rss/CustomRssServlet/568/261302.xml,
Oakland Tribune,Oakland A's (All),http://feeds.cal-one.net/rss_content/remove_email_links.php?feed=http://feeds.mercurynews.com/mngi/rss/CustomRssServlet/568/261303.xml,
Oakland Tribune,All Sports (smartphone),http://delivery.digitalfirstmedia.com/ConvergencePublisher/?format=genericxml2spreed&uri=http://feeds.mercurynews.com/mngi/rss/CustomRssServlet/568/262710.xml,
Oakland Tribune,High School Sports (all),http://feeds.insidebayarea.com/mngi/rss/CustomRssServlet/181/246826.xml,
Oakland Tribune,Entertainment (all),http://delivery.digitalfirstmedia.com/ConvergencePublisher/?format=genericxml2spreed&uri=http://feeds.insidebayarea.com/mngi/rss/CustomRssServlet/181/260769.xml,
Oakland Tribune,Living (smartphone),http://feeds.insidebayarea.com/mngi/rss/CustomRssServlet/181/246818.xml,
Oakland Tribune,Business  (all),http://feeds.insidebayarea.com/mngi/rss/CustomRssServlet/181/246816.xml,
Oakland Tribune,Opinion,http://feeds.contracostatimes.com/mngi/rss/CustomRssServlet/571/247004.xml,
Oakland Tribune,Columnists,http://feeds.cal-one.net/rss_content/ipad_ready.php?file=http://feeds.cal-one.net/rss_content/bayarea-ipad-columnists.xml,
Oakland Tribune,California  (all),http://delivery.digitalfirstmedia.com/ConvergencePublisher/?format=genericxml2spreed&uri=http://feeds.mercurynews.com/mngi/rss/CustomRssServlet/568/260952.xml,
Oakland Tribune,Nation/World  (all),http://delivery.digitalfirstmedia.com/ConvergencePublisher/?format=genericxml2spreed&uri=http://feeds.mercurynews.com/mngi/rss/CustomRssServlet/568/260783.xml,
Oakland Tribune,SV.com (all),http://feeds.cal-one.net/rss_content/siliconvalley-top-news.xml,
Oakland Tribune,Sports (iPad),http://delivery.digitalfirstmedia.com/ConvergencePublisher/?format=genericxml2spreed&uri=http://feeds.contracostatimes.com/mngi/rss/CustomRssServlet/571/260767.xml,
Oakland Tribune,High School Sports (iPad),http://delivery.digitalfirstmedia.com/ConvergencePublisher/?format=genericxml2spreed&uri=http://feeds.insidebayarea.com/mngi/rss/CustomRssServlet/181/260768.xml,
Oakland Tribune,Living (iPad),http://delivery.digitalfirstmedia.com/ConvergencePublisher/?format=genericxml2spreed&uri=http://feeds.insidebayarea.com/mngi/rss/CustomRssServlet/181/260770.xml,
Oakland Tribune,Oakland A's (All),http://feeds.cal-one.net/rss_content/remove_email_links.php?feed=http://feeds.mercurynews.com/mngi/rss/CustomRssServlet/568/261303.xml,
Silicon Valley,Valley News (all),http://www.bayarea.com/rss_content/siliconvalley-top-news.xml,
Silicon Valley,Business  (all),http://feeds.mercurynews.com/mngi/rss/CustomRssServlet/568/246813.xml,
Silicon Valley,People (all),http://www.bayarea.com/rss_content/siliconvalley-top-20-people.xml,
Silicon Valley,AP Tech (all),http://www.bayarea.com/rss_content/ap-technology.xml,
Silicon Valley,AP Business (all),http://www.bayarea.com/rss_content/ap-business.xml,
Silicon Valley,GMSV (all),http://www.bayarea.com/rss_content/siliconvalley-gmsv.xml,
Silicon Valley,Chris O'Brien (all),http://feeds.mercurynews.com/mngi/rss/CustomRssServlet/568/248715.xml,
Silicon Valley,Troy Wolverton (all),http://feeds.siliconvalley.com/mngi/rss/CustomRssServlet/573/249303.xml,
Silicon Valley,Larry Magid (all),http://feeds.siliconvalley.com/mngi/rss/CustomRssServlet/573/249304.xml,
Silicon Valley,Wiretap (all),http://feeds.siliconvalley.com/mngi/rss/CustomRssServlet/573/249305.xml,
Tri-Valley Times,News (all),http://feeds.contracostatimes.com/mngi/rss/CustomRssServlet/571/246808.xml,
Tri-Valley Times,Breaking News (all),http://delivery.digitalfirstmedia.com/ConvergencePublisher/?format=bangmulti2spreed&uri=http://delivery.digitalfirstmedia.com/XML/BANG_Breaking_News.xml,
Tri-Valley Times,All Sports (all),http://delivery.digitalfirstmedia.com/ConvergencePublisher/?format=genericxml2spreed&uri=http://feeds.contracostatimes.com/mngi/rss/CustomRssServlet/571/260964.xml,
Tri-Valley Times,49ers (all),http://delivery.digitalfirstmedia.com/ConvergencePublisher/?format=genericxml2spreed&uri=http://feeds.mercurynews.com/mngi/rss/CustomRssServlet/568/262706.xml,
Tri-Valley Times,Raiders (all),http://delivery.digitalfirstmedia.com/ConvergencePublisher/?format=genericxml2spreed&uri=http://feeds.mercurynews.com/mngi/rss/CustomRssServlet/568/262707.xml,
Tri-Valley Times,Warriors (all),http://delivery.digitalfirstmedia.com/ConvergencePublisher/?format=genericxml2spreed&uri=http://feeds.mercurynews.com/mngi/rss/CustomRssServlet/568/262709.xml,
Tri-Valley Times,Sharks (all),http://delivery.digitalfirstmedia.com/ConvergencePublisher/?format=genericxml2spreed&uri=http://feeds.mercurynews.com/mngi/rss/CustomRssServlet/568/262708.xml,
Tri-Valley Times,San Francisco Giants (all),http://feeds.cal-one.net/rss_content/remove_email_links.php?feed=http://feeds.mercurynews.com/mngi/rss/CustomRssServlet/568/261302.xml,
Tri-Valley Times,Oakland Athletics (all),http://feeds.cal-one.net/rss_content/remove_email_links.php?feed=http://feeds.mercurynews.com/mngi/rss/CustomRssServlet/568/261303.xml,
Tri-Valley Times,High School Sports (all),http://feeds.contracostatimes.com/mngi/rss/CustomRssServlet/571/246821.xml,
Tri-Valley Times,Entertainment (all),http://feeds.insidebayarea.com/mngi/rss/CustomRssServlet/181/246817.xml,
Tri-Valley Times,Living (all),http://feeds.insidebayarea.com/mngi/rss/CustomRssServlet/181/246818.xml,
Tri-Valley Times,Business (all),http://feeds.insidebayarea.com/mngi/rss/CustomRssServlet/181/246816.xml,
Tri-Valley Times,Opinion (all),http://feeds.contracostatimes.com/mngi/rss/CustomRssServlet/571/247203.xml,
Tri-Valley Times,California (all),http://feeds.mercurynews.com/mngi/rss/CustomRssServlet/568/251705.xml,
Tri-Valley Times,Nation-World (all),http://feeds.mercurynews.com/mngi/rss/CustomRssServlet/568/251704.xml,
Tri-Valley Times,SiliconValley.com,http://feeds.cal-one.net/rss_content/siliconvalley-top-news.xml,
San Ramon Valley Times,News (all),http://feeds.contracostatimes.com/mngi/rss/CustomRssServlet/571/246809.xml,
San Ramon Valley Times,Breaking News (all),http://delivery.digitalfirstmedia.com/ConvergencePublisher/?format=bangmulti2spreed&uri=http://delivery.digitalfirstmedia.com/XML/BANG_Breaking_News.xml,
San Ramon Valley Times,All Sports (all),http://feeds.contracostatimes.com/mngi/rss/CustomRssServlet/571/247002.xml,
San Ramon Valley Times,49ers (all),http://delivery.digitalfirstmedia.com/ConvergencePublisher/?format=genericxml2spreed&uri=http://feeds.mercurynews.com/mngi/rss/CustomRssServlet/568/262706.xml,
San Ramon Valley Times,Raiders (all),http://delivery.digitalfirstmedia.com/ConvergencePublisher/?format=genericxml2spreed&uri=http://feeds.mercurynews.com/mngi/rss/CustomRssServlet/568/262707.xml,
San Ramon Valley Times,Warriors (all),http://delivery.digitalfirstmedia.com/ConvergencePublisher/?format=genericxml2spreed&uri=http://feeds.mercurynews.com/mngi/rss/CustomRssServlet/568/262709.xml,
San Ramon Valley Times,Sharks (all),http://delivery.digitalfirstmedia.com/ConvergencePublisher/?format=genericxml2spreed&uri=http://feeds.mercurynews.com/mngi/rss/CustomRssServlet/568/262708.xml,
San Ramon Valley Times,San Francisco Giants (all),http://feeds.cal-one.net/rss_content/remove_email_links.php?feed=http://feeds.mercurynews.com/mngi/rss/CustomRssServlet/568/261302.xml,
San Ramon Valley Times,Oakland Athletics (all),http://feeds.cal-one.net/rss_content/remove_email_links.php?feed=http://feeds.mercurynews.com/mngi/rss/CustomRssServlet/568/261303.xml,
San Ramon Valley Times,High School Sports (all),http://delivery.digitalfirstmedia.com/ConvergencePublisher/?format=genericxml2spreed&uri=http://feeds.contracostatimes.com/mngi/rss/CustomRssServlet/571/260956.xml,
San Ramon Valley Times,Entertainment (all),http://feeds.insidebayarea.com/mngi/rss/CustomRssServlet/181/246817.xml,
San Ramon Valley Times,Living (all),http://feeds.cal-one.net/rss_content/remove_email_links.php?feed=bayarea-living.xml,
San Ramon Valley Times,Business (all),http://delivery.digitalfirstmedia.com/ConvergencePublisher/?format=genericxml2spreed&uri=http://feeds.mercurynews.com/mngi/rss/CustomRssServlet/568/254424.xml,
San Ramon Valley Times,Opinion (all),http://feeds.contracostatimes.com/mngi/rss/CustomRssServlet/571/247203.xml,
San Ramon Valley Times,Columnists (all),http://feeds.cal-one.net/rss_content/ipad_ready.php?file=http://feeds.cal-one.net/rss_content/bayarea-ipad-columnists.xml,
San Ramon Valley Times,California (all),http://delivery.digitalfirstmedia.com/ConvergencePublisher/?format=genericxml2spreed&uri=http://feeds.mercurynews.com/mngi/rss/CustomRssServlet/568/260952.xml,
San Ramon Valley Times,Nation-World (all),http://feeds.cal-one.net/rss_content/siliconvalley-top-news.xml,
San Ramon Valley Times,SiliconValley.com,http://feeds.cal-one.net/rss_content/siliconvalley-top-news.xml,
Fremont Argus,News (all),http://feeds.insidebayarea.com/mngi/rss/CustomRssServlet/181/246823.xml,
Fremont Argus,Breaking News (all),http://delivery.digitalfirstmedia.com/ConvergencePublisher/?format=bangmulti2spreed&uri=http://delivery.digitalfirstmedia.com/XML/BANG_Breaking_News.xml,
Fremont Argus,All Sports (all),http://delivery.digitalfirstmedia.com/ConvergencePublisher/?format=genericxml2spreed&uri=http://feeds.insidebayarea.com/mngi/rss/CustomRssServlet/181/260934.xml,
Fremont Argus,49ers (all),http://delivery.digitalfirstmedia.com/ConvergencePublisher/?format=genericxml2spreed&uri=http://feeds.mercurynews.com/mngi/rss/CustomRssServlet/568/262706.xml,
Fremont Argus,Raiders (all),http://delivery.digitalfirstmedia.com/ConvergencePublisher/?format=genericxml2spreed&uri=http://feeds.mercurynews.com/mngi/rss/CustomRssServlet/568/262707.xml,
Fremont Argus,Warriors (all),http://delivery.digitalfirstmedia.com/ConvergencePublisher/?format=genericxml2spreed&uri=http://feeds.mercurynews.com/mngi/rss/CustomRssServlet/568/262709.xml,
Fremont Argus,Sharks (all),http://delivery.digitalfirstmedia.com/ConvergencePublisher/?format=genericxml2spreed&uri=http://feeds.mercurynews.com/mngi/rss/CustomRssServlet/568/262708.xml,
Fremont Argus,San Francisco Giants (all),http://feeds.cal-one.net/rss_content/remove_email_links.php?feed=http://feeds.mercurynews.com/mngi/rss/CustomRssServlet/568/261302.xml,
Fremont Argus,Oakland Athletics (all),http://feeds.cal-one.net/rss_content/remove_email_links.php?feed=http://feeds.mercurynews.com/mngi/rss/CustomRssServlet/568/261303.xml,
Fremont Argus,High School Sports (all),http://delivery.digitalfirstmedia.com/ConvergencePublisher/?format=genericxml2spreed&uri=http://feeds.contracostatimes.com/mngi/rss/CustomRssServlet/571/260935.xml,
Fremont Argus,Entertainment (all),http://delivery.digitalfirstmedia.com/ConvergencePublisher/?format=genericxml2spreed&uri=http://feeds.contracostatimes.com/mngi/rss/CustomRssServlet/571/255604.xml,
Fremont Argus,Living (all),http://feeds.cal-one.net/rss_content/remove_email_links.php?feed=bayarea-living.xml,
Fremont Argus,Business (all),http://delivery.digitalfirstmedia.com/ConvergencePublisher/?format=genericxml2spreed&uri=http://feeds.mercurynews.com/mngi/rss/CustomRssServlet/568/254424.xml,
Fremont Argus,Opinion (all),http://feeds.contracostatimes.com/mngi/rss/CustomRssServlet/571/247004.xml,
Fremont Argus,Columnists (all),http://delivery.digitalfirstmedia.com/ConvergencePublisher/?format=genericxml2spreed&uri=http://feeds.mercurynews.com/mngi/rss/CustomRssServlet/568/260952.xml,
Fremont Argus,California (all),http://delivery.digitalfirstmedia.com/ConvergencePublisher/?format=genericxml2spreed&uri=http://feeds.mercurynews.com/mngi/rss/CustomRssServlet/568/260952.xml,
Fremont Argus,Nation-World (all),http://delivery.digitalfirstmedia.com/ConvergencePublisher/?format=genericxml2spreed&uri=http://feeds.mercurynews.com/mngi/rss/CustomRssServlet/568/259932.xml,
Fremont Argus,SiliconValley.com,http://feeds.cal-one.net/rss_content/siliconvalley-top-news.xml,
Fremont Argus,FYIDriving.com,http://www.fyidriving.com/?feed=mobileappfeed,
West County Times,News (all),http://feeds.contracostatimes.com/mngi/rss/CustomRssServlet/571/246806.xml,
West County Times,Breaking News (all),http://delivery.digitalfirstmedia.com/ConvergencePublisher/?format=bangmulti2spreed&uri=http://delivery.digitalfirstmedia.com/XML/BANG_Breaking_News.xml,
West County Times,All Sports (all),http://feeds.contracostatimes.com/mngi/rss/CustomRssServlet/571/247002.xml,
West County Times,49ers (all),http://delivery.digitalfirstmedia.com/ConvergencePublisher/?format=genericxml2spreed&uri=http://feeds.mercurynews.com/mngi/rss/CustomRssServlet/568/262706.xml,
West County Times,Raiders (all),http://delivery.digitalfirstmedia.com/ConvergencePublisher/?format=genericxml2spreed&uri=http://feeds.mercurynews.com/mngi/rss/CustomRssServlet/568/262707.xml,
West County Times,Warriors (all),http://delivery.digitalfirstmedia.com/ConvergencePublisher/?format=genericxml2spreed&uri=http://feeds.mercurynews.com/mngi/rss/CustomRssServlet/568/262709.xml,
West County Times,Sharks (all),http://delivery.digitalfirstmedia.com/ConvergencePublisher/?format=genericxml2spreed&uri=http://feeds.mercurynews.com/mngi/rss/CustomRssServlet/568/262708.xml,
West County Times,San Francisco Giants (all),http://feeds.cal-one.net/rss_content/remove_email_links.php?feed=http://feeds.mercurynews.com/mngi/rss/CustomRssServlet/568/261302.xml,
West County Times,Oakland Athletics (all),http://feeds.cal-one.net/rss_content/remove_email_links.php?feed=http://feeds.mercurynews.com/mngi/rss/CustomRssServlet/568/261303.xml,
West County Times,High School Sports (all),http://feeds.contracostatimes.com/mngi/rss/CustomRssServlet/571/246820.xml,
West County Times,Entertainment (all),http://feeds.insidebayarea.com/mngi/rss/CustomRssServlet/181/246817.xml,
West County Times,Living (all),http://feeds.insidebayarea.com/mngi/rss/CustomRssServlet/181/246818.xml,
West County Times,Business (all),http://feeds.insidebayarea.com/mngi/rss/CustomRssServlet/181/246816.xml,
West County Times,Opinion (all),http://feeds.contracostatimes.com/mngi/rss/CustomRssServlet/571/247203.xml,
West County Times,California (all),http://feeds.mercurynews.com/mngi/rss/CustomRssServlet/568/251705.xml,
West County Times,Nation-World (all),http://feeds.mercurynews.com/mngi/rss/CustomRssServlet/568/251704.xml,
West County Times,FYIDriving.com,http://www.fyidriving.com/?feed=mobileappfeed,
East County Times,News (all),http://feeds.contracostatimes.com/mngi/rss/CustomRssServlet/571/246807.xml,
East County Times,Breaking News (all),http://delivery.digitalfirstmedia.com/ConvergencePublisher/?format=bangmulti2spreed&uri=http://delivery.digitalfirstmedia.com/XML/BANG_Breaking_News.xml,
East County Times,All Sports (all),http://feeds.contracostatimes.com/mngi/rss/CustomRssServlet/571/247002.xml,
East County Times,49ers (all),http://delivery.digitalfirstmedia.com/ConvergencePublisher/?format=genericxml2spreed&uri=http://feeds.mercurynews.com/mngi/rss/CustomRssServlet/568/262706.xml,
East County Times,Raiders (all),http://delivery.digitalfirstmedia.com/ConvergencePublisher/?format=genericxml2spreed&uri=http://feeds.mercurynews.com/mngi/rss/CustomRssServlet/568/262707.xml,
East County Times,Warriors (all),http://delivery.digitalfirstmedia.com/ConvergencePublisher/?format=genericxml2spreed&uri=http://feeds.mercurynews.com/mngi/rss/CustomRssServlet/568/262709.xml,
East County Times,Sharks (all),http://delivery.digitalfirstmedia.com/ConvergencePublisher/?format=genericxml2spreed&uri=http://feeds.mercurynews.com/mngi/rss/CustomRssServlet/568/262708.xml,
East County Times,San Francisco Giants (all),http://feeds.cal-one.net/rss_content/remove_email_links.php?feed=http://feeds.mercurynews.com/mngi/rss/CustomRssServlet/568/261302.xml,
East County Times,Oakland Athletics (all),http://feeds.cal-one.net/rss_content/remove_email_links.php?feed=http://feeds.mercurynews.com/mngi/rss/CustomRssServlet/568/261303.xml,
East County Times,High School Sports (all),http://feeds.contracostatimes.com/mngi/rss/CustomRssServlet/571/246819.xml,
East County Times,Entertainment (all),http://feeds.insidebayarea.com/mngi/rss/CustomRssServlet/181/246817.xml,
East County Times,Living (all),http://feeds.insidebayarea.com/mngi/rss/CustomRssServlet/181/246818.xml,
East County Times,Business (all),http://feeds.insidebayarea.com/mngi/rss/CustomRssServlet/181/246816.xml,
East County Times,Opinion (all),http://feeds.contracostatimes.com/mngi/rss/CustomRssServlet/571/247203.xml,
East County Times,California (all),http://delivery.digitalfirstmedia.com/ConvergencePublisher/?format=genericxml2spreed&uri=http://feeds.mercurynews.com/mngi/rss/CustomRssServlet/568/260952.xml,
East County Times,Nation-World (all),http://delivery.digitalfirstmedia.com/ConvergencePublisher/?format=genericxml2spreed&uri=http://feeds.mercurynews.com/mngi/rss/CustomRssServlet/568/259932.xml,
East County Times,SiliconValley.com,http://feeds.cal-one.net/rss_content/siliconvalley-top-news.xml,
San Mateo County Times,News (all),http://feeds.mercurynews.com/mngi/rss/CustomRssServlet/568/246804.xml,
San Mateo County Times,Breaking News (all),http://delivery.digitalfirstmedia.com/ConvergencePublisher/?format=bangmulti2spreed&uri=http://delivery.digitalfirstmedia.com/XML/BANG_Breaking_News.xml,
San Mateo County Times,All Sports (all),http://delivery.digitalfirstmedia.com/ConvergencePublisher/?format=genericxml2spreed&uri=http://feeds.contracostatimes.com/mngi/rss/CustomRssServlet/571/260955.xml,
San Mateo County Times,49ers (all),http://delivery.digitalfirstmedia.com/ConvergencePublisher/?format=genericxml2spreed&uri=http://feeds.mercurynews.com/mngi/rss/CustomRssServlet/568/262706.xml,
San Mateo County Times,Raiders (all),http://delivery.digitalfirstmedia.com/ConvergencePublisher/?format=genericxml2spreed&uri=http://feeds.mercurynews.com/mngi/rss/CustomRssServlet/568/262707.xml,
San Mateo County Times,Warriors (all),http://delivery.digitalfirstmedia.com/ConvergencePublisher/?format=genericxml2spreed&uri=http://feeds.mercurynews.com/mngi/rss/CustomRssServlet/568/262709.xml,
San Mateo County Times,Sharks (all),http://delivery.digitalfirstmedia.com/ConvergencePublisher/?format=genericxml2spreed&uri=http://feeds.mercurynews.com/mngi/rss/CustomRssServlet/568/262708.xml,
San Mateo County Times,San Francisco Giants (all),http://feeds.cal-one.net/rss_content/remove_email_links.php?feed=http://feeds.mercurynews.com/mngi/rss/CustomRssServlet/568/261302.xml,
San Mateo County Times,Oakland Athletics (all),http://feeds.cal-one.net/rss_content/remove_email_links.php?feed=http://feeds.mercurynews.com/mngi/rss/CustomRssServlet/568/261303.xml,
San Mateo County Times,High School Sports (all),http://feeds.mercurynews.com/mngi/rss/CustomRssServlet/568/246805.xml,
San Mateo County Times,Entertainment (all),http://delivery.digitalfirstmedia.com/ConvergencePublisher/?format=genericxml2spreed&uri=http://feeds.contracostatimes.com/mngi/rss/CustomRssServlet/571/255604.xml,
San Mateo County Times,Living (all),http://feeds.cal-one.net/rss_content/remove_email_links.php?feed=bayarea-living.xml,
San Mateo County Times,Business (all),http://delivery.digitalfirstmedia.com/ConvergencePublisher/?format=genericxml2spreed&uri=http://feeds.mercurynews.com/mngi/rss/CustomRssServlet/568/254424.xml,
San Mateo County Times,Opinion (all),http://feeds.mercurynews.com/mngi/rss/CustomRssServlet/568/200766.xml,
San Mateo County Times,Columnists (all),http://feeds.cal-one.net/rss_content/ipad_ready.php?file=http://feeds.cal-one.net/rss_content/bayarea-ipad-columnists.xml,
San Mateo County Times,California (all),http://delivery.digitalfirstmedia.com/ConvergencePublisher/?format=genericxml2spreed&uri=http://feeds.mercurynews.com/mngi/rss/CustomRssServlet/568/260952.xml,
San Mateo County Times,Nation-World (all),http://delivery.digitalfirstmedia.com/ConvergencePublisher/?format=genericxml2spreed&uri=http://feeds.mercurynews.com/mngi/rss/CustomRssServlet/568/259932.xml,
San Mateo County Times,SiliconValley.com,http://feeds.cal-one.net/rss_content/siliconvalley-top-news.xml,
San Mateo County Times,FYIDriving.com,http://www.fyidriving.com/?feed=mobileappfeed,
Santa Cruz Sentinel,Breaking News,http://delivery.digitalfirstmedia.com/ConvergencePublisher/?format=genericxml2spreed&uri=http://feeds.santacruzsentinel.com/mngi/rss/CustomRssServlet/6/260656.xml,
Santa Cruz Sentinel,Local News,http://delivery.digitalfirstmedia.com/ConvergencePublisher/?format=genericxml2spreed&uri=http://feeds.santacruzsentinel.com/mngi/rss/CustomRssServlet/6/260657.xml,
Santa Cruz Sentinel,Top 10 (Smartphone) Top Stories )(iPad),http://delivery.digitalfirstmedia.com/ConvergencePublisher/?format=genericxml2spreed&uri=http://feeds.santacruzsentinel.com/mngi/rss/CustomRssServlet/6/260658.xml,
Santa Cruz Sentinel,Nation/World,http://delivery.digitalfirstmedia.com/ConvergencePublisher/?format=genericxml2spreed&uri=http://feeds.santacruzsentinel.com/mngi/rss/CustomRssServlet/6/260659.xml,
Santa Cruz Sentinel,Business,http://delivery.digitalfirstmedia.com/ConvergencePublisher/?format=genericxml2spreed&uri=http://feeds.santacruzsentinel.com/mngi/rss/CustomRssServlet/6/260660.xml,
Santa Cruz Sentinel,Local Sports,http://delivery.digitalfirstmedia.com/ConvergencePublisher/?format=genericxml2spreed&uri=http://feeds.santacruzsentinel.com/mngi/rss/CustomRssServlet/6/260661.xml,
Santa Cruz Sentinel,49ers (all),http://delivery.digitalfirstmedia.com/ConvergencePublisher/?format=genericxml2spreed&uri=http://feeds.mercurynews.com/mngi/rss/CustomRssServlet/568/262706.xml,
Santa Cruz Sentinel,Raiders (all),http://delivery.digitalfirstmedia.com/ConvergencePublisher/?format=genericxml2spreed&uri=http://feeds.mercurynews.com/mngi/rss/CustomRssServlet/568/262707.xml,
Santa Cruz Sentinel,Warriors (all),http://delivery.digitalfirstmedia.com/ConvergencePublisher/?format=genericxml2spreed&uri=http://feeds.mercurynews.com/mngi/rss/CustomRssServlet/568/262709.xml,
Santa Cruz Sentinel,Giants (all),http://feeds.cal-one.net/rss_content/remove_email_links.php?feed=http://feeds.mercurynews.com/mngi/rss/CustomRssServlet/568/261302.xml,
Santa Cruz Sentinel,A's,http://feeds.cal-one.net/rss_content/remove_email_links.php?feed=http://feeds.mercurynews.com/mngi/rss/CustomRssServlet/568/261303.xml,
Santa Cruz Sentinel,Lifestyle,http://feeds.santacruzsentinel.com/mngi/rss/CustomRssServlet/6/247910.xml,
Santa Cruz Sentinel,Entertainment,http://delivery.digitalfirstmedia.com/ConvergencePublisher/?format=genericxml2spreed&uri=http://feeds.santacruzsentinel.com/mngi/rss/CustomRssServlet/6/260663.xml,
Santa Cruz Sentinel,Opinion,http://delivery.digitalfirstmedia.com/ConvergencePublisher/?format=genericxml2spreed&uri=http://feeds.santacruzsentinel.com/mngi/rss/CustomRssServlet/6/260664.xml,
Santa Cruz Sentinel,Food,http://delivery.digitalfirstmedia.com/ConvergencePublisher/?format=genericxml2spreed&uri=http://feeds.santacruzsentinel.com/mngi/rss/CustomRssServlet/6/260665.xml,
Santa Cruz Sentinel,FYIDriving.com,http://www.fyidriving.com/?feed=mobileappfeed,
Marin Independent Journal,Marin News,http://delivery.digitalfirstmedia.com/ConvergencePublisher/?format=genericxml2spreed&uri=http://feeds.marinij.com/mngi/rss/CustomRssServlet/234/260666.xml,
Marin Independent Journal,All Local Sports,http://delivery.digitalfirstmedia.com/ConvergencePublisher/?format=genericxml2spreed&uri=http://feeds.marinij.com/mngi/rss/CustomRssServlet/234/260667.xml,
Marin Independent Journal,Prep Sports,http://delivery.digitalfirstmedia.com/ConvergencePublisher/?format=genericxml2spreed&uri=http://feeds.marinij.com/mngi/rss/CustomRssServlet/234/260668.xml,
Marin Independent Journal,Entertainment,http://delivery.digitalfirstmedia.com/ConvergencePublisher/?format=genericxml2spreed&uri=http://feeds.marinij.com/mngi/rss/CustomRssServlet/234/260669.xml,
Marin Independent Journal,Dining & Food,http://delivery.digitalfirstmedia.com/ConvergencePublisher/?format=genericxml2spreed&uri=http://feeds.marinij.com/mngi/rss/CustomRssServlet/234/260670.xml,
Marin Independent Journal,Opinion,http://delivery.digitalfirstmedia.com/ConvergencePublisher/?format=genericxml2spreed&uri=http://feeds.marinij.com/mngi/rss/CustomRssServlet/234/260671.xml,
