Denver Post,Top News,http://delivery.digitalfirstmedia.com/ConvergencePublisher/?format=genericxml2spreed&uri=http://rss.denverpost.com/mngi/rss/CustomRssServlet/36/262301.xml
Denver Post,Top Stories,http://delivery.digitalfirstmedia.com/ConvergencePublisher/?format=genericxml2spreed&uri=http://rss.denverpost.com/mngi/rss/CustomRssServlet/36/230606.xml
Denver Post,Denver and the West,http://delivery.digitalfirstmedia.com/ConvergencePublisher/?format=genericxml2spreed&uri=http://rss.denverpost.com/mngi/rss/CustomRssServlet/36/230608.xml
Denver Post,Politics,http://delivery.digitalfirstmedia.com/ConvergencePublisher/?format=genericxml2spreed&uri=http://rss.denverpost.com/mngi/rss/CustomRssServlet/36/230620.xml
Denver Post,Opinion,http://delivery.digitalfirstmedia.com/ConvergencePublisher/?format=genericxml2spreed&uri=http://rss.denverpost.com/mngi/rss/CustomRssServlet/36/230609.xml
Denver Post,National and World,http://delivery.digitalfirstmedia.com/ConvergencePublisher/?format=genericxml2spreed&uri=http://rss.denverpost.com/mngi/rss/CustomRssServlet/36/230615.xml
Denver Post,Sports,http://delivery.digitalfirstmedia.com/ConvergencePublisher/?format=genericxml2spreed&uri=http://rss.denverpost.com/mngi/rss/CustomRssServlet/36/247701.xml
Denver Post,Broncos,http://delivery.digitalfirstmedia.com/ConvergencePublisher/?format=genericxml2spreed&uri=http://rss.denverpost.com/mngi/rss/CustomRssServlet/36/230613.xml
Denver Post,Rockies,http://delivery.digitalfirstmedia.com/ConvergencePublisher/?format=genericxml2spreed&uri=http://rss.denverpost.com/mngi/rss/CustomRssServlet/36/230619.xml
Denver Post,Nuggets,http://delivery.digitalfirstmedia.com/ConvergencePublisher/?format=genericxml2spreed&uri=http://rss.denverpost.com/mngi/rss/CustomRssServlet/36/230616.xml
Denver Post,Avalanche,http://delivery.digitalfirstmedia.com/ConvergencePublisher/?format=genericxml2spreed&uri=http://rss.denverpost.com/mngi/rss/CustomRssServlet/36/230617.xml
Denver Post,Entertainment,http://delivery.digitalfirstmedia.com/ConvergencePublisher/?format=genericxml2spreed&uri=http://rss.denverpost.com/mngi/rss/CustomRssServlet/36/230611.xml
Denver Post,Lifestyle,http://delivery.digitalfirstmedia.com/ConvergencePublisher/?format=genericxml2spreed&uri=http://rss.denverpost.com/mngi/rss/CustomRssServlet/36/230610.xml
Denver Post,Business,http://delivery.digitalfirstmedia.com/ConvergencePublisher/?format=genericxml2spreed&uri=http://rss.denverpost.com/mngi/rss/CustomRssServlet/36/230614.xml