Los Angeles Daily News,Top Stories (iPad Only),http://delivery.digitalfirstmedia.com/ConvergencePublisher/?format=genericxml2spreed&uri=http://feeds.dailynews.com/mngi/rss/CustomRssServlet/200/260421.xml
Los Angeles Daily News,Breaking News,http://delivery.digitalfirstmedia.com/ConvergencePublisher/?format=genericxml2spreed&uri=http://feeds.dailynews.com/mngi/rss/CustomRssServlet/200/260422.xml
Los Angeles Daily News,Breaking News - Iphone/And,http://delivery.digitalfirstmedia.com/ConvergencePublisher/?format=genericxml2spreed&uri=http://feeds.dailynews.com/mngi/rss/CustomRssServlet/200/264201.xml
Los Angeles Daily News,Local News,http://delivery.digitalfirstmedia.com/ConvergencePublisher/?format=genericxml2spreed&uri=http://feeds.dailynews.com/mngi/rss/CustomRssServlet/200/260423.xml
Los Angeles Daily News,Crime,http://delivery.digitalfirstmedia.com/ConvergencePublisher/?format=genericxml2spreed&uri=http://feeds.dailynews.com/mngi/rss/CustomRssServlet/200/260424.xml
Los Angeles Daily News,State,http://delivery.digitalfirstmedia.com/ConvergencePublisher/?format=genericxml2spreed&uri=http://feeds.dailybulletin.com/mngi/rss/CustomRssServlet/203/260425.xml
Los Angeles Daily News,National,http://delivery.digitalfirstmedia.com/ConvergencePublisher/?format=genericxml2spreed&uri=http://feeds.dailybulletin.com/mngi/rss/CustomRssServlet/203/260426.xml
Los Angeles Daily News,Sports,http://delivery.digitalfirstmedia.com/ConvergencePublisher/?format=genericxml2spreed&uri=http://feeds.dailynews.com/mngi/rss/CustomRssServlet/200/260427.xml
Los Angeles Daily News,Prep Sports,http://delivery.digitalfirstmedia.com/ConvergencePublisher/?format=genericxml2spreed&uri=http://feeds.dailynews.com/mngi/rss/CustomRssServlet/200/260428.xml
Los Angeles Daily News,Business,http://delivery.digitalfirstmedia.com/ConvergencePublisher/?format=genericxml2spreed&uri=http://feeds.dailynews.com/mngi/rss/CustomRssServlet/200/260429.xml
Los Angeles Daily News,Politics,http://delivery.digitalfirstmedia.com/ConvergencePublisher/?format=genericxml2spreed&uri=http://feeds.dailynews.com/mngi/rss/CustomRssServlet/200/260430.xml
Los Angeles Daily News,Opinions (Smartphone),http://delivery.digitalfirstmedia.com/ConvergencePublisher/?format=genericxml2spreed&uri=http://feeds.dailynews.com/mngi/rss/CustomRssServlet/200/260431.xml
Los Angeles Daily News,Opinions (iPad Only),http://delivery.digitalfirstmedia.com/ConvergencePublisher/?format=genericxml2spreed&uri=http://feeds.dailybreeze.com/mngi/rss/CustomRssServlet/577/260432.xml
Los Angeles Daily News,Columnists,http://delivery.digitalfirstmedia.com/ConvergencePublisher/?format=genericxml2spreed&uri=http://feeds.dailynews.com/mngi/rss/CustomRssServlet/200/260433.xml
Los Angeles Daily News,Entertainment & Features,http://delivery.digitalfirstmedia.com/ConvergencePublisher/?format=genericxml2spreed&uri=http://feeds.dailynews.com/mngi/rss/CustomRssServlet/200/260434.xml
Los Angeles Daily News,Celebrities,http://delivery.digitalfirstmedia.com/ConvergencePublisher/?format=genericxml2spreed&uri=http://feeds.dailynews.com/mngi/rss/CustomRssServlet/200/260435.xml
Torrance Daily Breeze,Breaking News,http://delivery.digitalfirstmedia.com/ConvergencePublisher/?format=genericxml2spreed&uri=http://feeds.dailybreeze.com/mngi/rss/CustomRssServlet/577/260443.xml
Torrance Daily Breeze,Local News,http://delivery.digitalfirstmedia.com/ConvergencePublisher/?format=genericxml2spreed&uri=http://feeds.dailybreeze.com/mngi/rss/CustomRssServlet/577/260444.xml
Torrance Daily Breeze,California,http://delivery.digitalfirstmedia.com/ConvergencePublisher/?format=genericxml2spreed&uri=http://feeds.dailybulletin.com/mngi/rss/CustomRssServlet/203/260445.xml
Torrance Daily Breeze,Nation/World,http://delivery.digitalfirstmedia.com/ConvergencePublisher/?format=genericxml2spreed&uri=http://feeds.dailybulletin.com/mngi/rss/CustomRssServlet/203/260446.xml
Torrance Daily Breeze,Crime,http://delivery.digitalfirstmedia.com/ConvergencePublisher/?format=genericxml2spreed&uri=http://feeds.dailybreeze.com/mngi/rss/CustomRssServlet/577/260447.xml
Torrance Daily Breeze,Business,http://delivery.digitalfirstmedia.com/ConvergencePublisher/?format=genericxml2spreed&uri=http://feeds.dailybreeze.com/mngi/rss/CustomRssServlet/577/260448.xml
Torrance Daily Breeze,Entertainment (iPad Only),http://delivery.digitalfirstmedia.com/ConvergencePublisher/?format=genericxml2spreed&uri=http://feeds.dailybreeze.com/mngi/rss/CustomRssServlet/577/260449.xml
Torrance Daily Breeze,Life & Culture,http://delivery.digitalfirstmedia.com/ConvergencePublisher/?format=genericxml2spreed&uri=http://feeds.dailybreeze.com/mngi/rss/CustomRssServlet/577/260450.xml
Torrance Daily Breeze,Living (iPad Only),http://delivery.digitalfirstmedia.com/ConvergencePublisher/?format=genericxml2spreed&uri=http://feeds.dailybreeze.com/mngi/rss/CustomRssServlet/577/260451.xml
Torrance Daily Breeze,Home & Garden (iPhone Only),http://delivery.digitalfirstmedia.com/ConvergencePublisher/?format=genericxml2spreed&uri=http://feeds.dailybreeze.com/mngi/rss/CustomRssServlet/577/260452.xml
Torrance Daily Breeze,Sports,http://delivery.digitalfirstmedia.com/ConvergencePublisher/?format=genericxml2spreed&uri=http://feeds.dailybreeze.com/mngi/rss/CustomRssServlet/577/260453.xml
Torrance Daily Breeze,Prep/JC Sports,http://delivery.digitalfirstmedia.com/ConvergencePublisher/?format=genericxml2spreed&uri=http://feeds.dailybreeze.com/mngi/rss/CustomRssServlet/577/260454.xml
Torrance Daily Breeze,Opinion (Smartphone Only),http://delivery.digitalfirstmedia.com/ConvergencePublisher/?format=genericxml2spreed&uri=http://feeds.dailybreeze.com/mngi/rss/CustomRssServlet/577/260455.xml
Torrance Daily Breeze,Opinion (iPad Only),http://delivery.digitalfirstmedia.com/ConvergencePublisher/?format=genericxml2spreed&uri=http://feeds.dailybreeze.com/mngi/rss/CustomRssServlet/577/260456.xml
Torrance Daily Breeze,Opinion (iPad Only),http://delivery.digitalfirstmedia.com/ConvergencePublisher/?format=genericxml2spreed&uri=http://feeds.dailybreeze.com/mngi/rss/CustomRssServlet/577/260457.xml
Torrance Daily Breeze,Letters (Smartphone Only),http://delivery.digitalfirstmedia.com/ConvergencePublisher/?format=genericxml2spreed&uri=http://feeds.dailybreeze.com/mngi/rss/CustomRssServlet/577/260458.xml
Torrance Daily Breeze,John Bogert (Smartphone Only),http://delivery.digitalfirstmedia.com/ConvergencePublisher/?format=genericxml2spreed&uri=http://feeds.dailybreeze.com/mngi/rss/CustomRssServlet/577/260459.xml
Torrance Daily Breeze,Top Stories (iPad Only),http://delivery.digitalfirstmedia.com/ConvergencePublisher/?format=genericxml2spreed&uri=http://feeds.presstelegram.com/mngi/rss/CustomRssServlet/204/260460.xml
Long Beach Press Telegram,Breaking News,http://delivery.digitalfirstmedia.com/ConvergencePublisher/?format=genericxml2spreed&uri=http://feeds.presstelegram.com/mngi/rss/CustomRssServlet/204/260461.xml
Long Beach Press Telegram,Breaking News - Iphone/And,http://delivery.digitalfirstmedia.com/ConvergencePublisher/?format=genericxml2spreed&uri=http://feeds.dailynews.com/mngi/rss/CustomRssServlet/200/264202.xml
Long Beach Press Telegram,Local News,http://delivery.digitalfirstmedia.com/ConvergencePublisher/?format=genericxml2spreed&uri=http://feeds.presstelegram.com/mngi/rss/CustomRssServlet/204/260462.xml
Long Beach Press Telegram,Crime,http://delivery.digitalfirstmedia.com/ConvergencePublisher/?format=genericxml2spreed&uri=http://feeds.presstelegram.com/mngi/rss/CustomRssServlet/204/260463.xml
Long Beach Press Telegram,Politics,http://delivery.digitalfirstmedia.com/ConvergencePublisher/?format=genericxml2spreed&uri=http://feeds.presstelegram.com/mngi/rss/CustomRssServlet/204/260464.xml
Long Beach Press Telegram,Education,http://delivery.digitalfirstmedia.com/ConvergencePublisher/?format=genericxml2spreed&uri=http://feeds.presstelegram.com/mngi/rss/CustomRssServlet/204/260465.xml
Long Beach Press Telegram,California,http://delivery.digitalfirstmedia.com/ConvergencePublisher/?format=genericxml2spreed&uri=http://feeds.dailybulletin.com/mngi/rss/CustomRssServlet/203/260466.xml
Long Beach Press Telegram,Nation/World,http://delivery.digitalfirstmedia.com/ConvergencePublisher/?format=genericxml2spreed&uri=http://feeds.dailybulletin.com/mngi/rss/CustomRssServlet/203/260467.xml
Long Beach Press Telegram,Business,http://delivery.digitalfirstmedia.com/ConvergencePublisher/?format=genericxml2spreed&uri=http://feeds.presstelegram.com/mngi/rss/CustomRssServlet/204/260468.xml
Long Beach Press Telegram,Entertainment 1 (iPad only),http://delivery.digitalfirstmedia.com/ConvergencePublisher/?format=genericxml2spreed&uri=http://feeds.presstelegram.com/mngi/rss/CustomRssServlet/204/262202.xml
Long Beach Press Telegram,Entertainment 2 (iPad only),http://delivery.digitalfirstmedia.com/ConvergencePublisher/?format=genericxml2spreed&uri=http://feeds.presstelegram.com/mngi/rss/CustomRssServlet/204/262203.xml
Long Beach Press Telegram,Lifestyle (iPad Only),http://delivery.digitalfirstmedia.com/ConvergencePublisher/?format=genericxml2spreed&uri=http://feeds.presstelegram.com/mngi/rss/CustomRssServlet/204/260469.xml
Long Beach Press Telegram,Tim Grobaty,http://delivery.digitalfirstmedia.com/ConvergencePublisher/?format=genericxml2spreed&uri=http://feeds.presstelegram.com/mngi/rss/CustomRssServlet/204/260470.xml
Long Beach Press Telegram,Sports,http://delivery.digitalfirstmedia.com/ConvergencePublisher/?format=genericxml2spreed&uri=http://feeds.presstelegram.com/mngi/rss/CustomRssServlet/204/260471.xml
Long Beach Press Telegram,Prep Sports,http://delivery.digitalfirstmedia.com/ConvergencePublisher/?format=genericxml2spreed&uri=http://feeds.presstelegram.com/mngi/rss/CustomRssServlet/204/260472.xml
Long Beach Press Telegram,LBSU,http://delivery.digitalfirstmedia.com/ConvergencePublisher/?format=genericxml2spreed&uri=http://feeds.presstelegram.com/mngi/rss/CustomRssServlet/204/260473.xml
Long Beach Press Telegram,Editorials,http://delivery.digitalfirstmedia.com/ConvergencePublisher/?format=genericxml2spreed&uri=http://feeds.presstelegram.com/mngi/rss/CustomRssServlet/204/260474.xml
Long Beach Press Telegram,Letters/Speakout,http://delivery.digitalfirstmedia.com/ConvergencePublisher/?format=genericxml2spreed&uri=http://feeds.presstelegram.com/mngi/rss/CustomRssServlet/204/260475.xml
Long Beach Press Telegram,Commentary,http://delivery.digitalfirstmedia.com/ConvergencePublisher/?format=genericxml2spreed&uri=http://feeds.presstelegram.com/mngi/rss/CustomRssServlet/204/260476.xml
San Gabriel Valley Tribune,Top Stories (iPad Only),http://delivery.digitalfirstmedia.com/ConvergencePublisher/?format=genericxml2spreed&uri=http://feeds.sgvtribune.com/mngi/rss/CustomRssServlet/205/260501.xml
San Gabriel Valley Tribune,Breaking News (smartphone only),http://delivery.digitalfirstmedia.com/ConvergencePublisher/?format=genericxml2spreed&uri=http://feeds.dailynews.com/mngi/rss/CustomRssServlet/200/264203.xml
San Gabriel Valley Tribune,News,http://delivery.digitalfirstmedia.com/ConvergencePublisher/?format=genericxml2spreed&uri=http://feeds.sgvtribune.com/mngi/rss/CustomRssServlet/205/260503.xml
San Gabriel Valley Tribune,Top Story (smartphone only),http://delivery.digitalfirstmedia.com/ConvergencePublisher/?format=genericxml2spreed&uri=http://feeds.sgvtribune.com/mngi/rss/CustomRssServlet/205/260504.xml
San Gabriel Valley Tribune,Today's News (smartphone only),http://delivery.digitalfirstmedia.com/ConvergencePublisher/?format=genericxml2spreed&uri=http://feeds.sgvtribune.com/mngi/rss/CustomRssServlet/205/260505.xml
San Gabriel Valley Tribune,Crime,http://delivery.digitalfirstmedia.com/ConvergencePublisher/?format=genericxml2spreed&uri=http://feeds.sgvtribune.com/mngi/rss/CustomRssServlet/205/260506.xml
San Gabriel Valley Tribune,Sports,http://delivery.digitalfirstmedia.com/ConvergencePublisher/?format=genericxml2spreed&uri=http://feeds.sgvtribune.com/mngi/rss/CustomRssServlet/205/260507.xml
San Gabriel Valley Tribune,Preps (smartphone only) High School Sports (iPad only),http://delivery.digitalfirstmedia.com/ConvergencePublisher/?format=genericxml2spreed&uri=http://feeds.sgvtribune.com/mngi/rss/CustomRssServlet/205/260508.xml
San Gabriel Valley Tribune,Area Colleges (smartphone only),http://delivery.digitalfirstmedia.com/ConvergencePublisher/?format=genericxml2spreed&uri=http://feeds.sgvtribune.com/mngi/rss/CustomRssServlet/205/260509.xml
San Gabriel Valley Tribune,USC,http://delivery.digitalfirstmedia.com/ConvergencePublisher/?format=genericxml2spreed&uri=http://feeds.sgvtribune.com/mngi/rss/CustomRssServlet/205/260510.xml
San Gabriel Valley Tribune,UCLA,http://delivery.digitalfirstmedia.com/ConvergencePublisher/?format=genericxml2spreed&uri=http://feeds.sgvtribune.com/mngi/rss/CustomRssServlet/205/260511.xml
San Gabriel Valley Tribune,Lakers,http://delivery.digitalfirstmedia.com/ConvergencePublisher/?format=genericxml2spreed&uri=http://feeds.sgvtribune.com/mngi/rss/CustomRssServlet/205/260512.xml
San Gabriel Valley Tribune,Clippers (smartphone only),http://delivery.digitalfirstmedia.com/ConvergencePublisher/?format=genericxml2spreed&uri=http://feeds.sgvtribune.com/mngi/rss/CustomRssServlet/205/260513.xml
San Gabriel Valley Tribune,Dodgers (smartphone only),http://delivery.digitalfirstmedia.com/ConvergencePublisher/?format=genericxml2spreed&uri=http://feeds.sgvtribune.com/mngi/rss/CustomRssServlet/205/260514.xml
San Gabriel Valley Tribune,Angels (smartphone only),http://delivery.digitalfirstmedia.com/ConvergencePublisher/?format=genericxml2spreed&uri=http://feeds.sgvtribune.com/mngi/rss/CustomRssServlet/205/260515.xml
San Gabriel Valley Tribune,Kings (smartphone only),http://delivery.digitalfirstmedia.com/ConvergencePublisher/?format=genericxml2spreed&uri=http://feeds.sgvtribune.com/mngi/rss/CustomRssServlet/205/260516.xml
San Gabriel Valley Tribune,Ducks (smartphone only),http://delivery.digitalfirstmedia.com/ConvergencePublisher/?format=genericxml2spreed&uri=http://feeds.sgvtribune.com/mngi/rss/CustomRssServlet/205/260517.xml
San Gabriel Valley Tribune,Money (smartphone only),http://delivery.digitalfirstmedia.com/ConvergencePublisher/?format=genericxml2spreed&uri=http://feeds.sgvtribune.com/mngi/rss/CustomRssServlet/205/260518.xml
San Gabriel Valley Tribune,California,http://delivery.digitalfirstmedia.com/ConvergencePublisher/?format=genericxml2spreed&uri=http://feeds.dailybulletin.com/mngi/rss/CustomRssServlet/203/260519.xml
San Gabriel Valley Tribune,National,http://delivery.digitalfirstmedia.com/ConvergencePublisher/?format=genericxml2spreed&uri=http://feeds.dailybulletin.com/mngi/rss/CustomRssServlet/203/260520.xml
San Gabriel Valley Tribune,National Business News,http://delivery.digitalfirstmedia.com/ConvergencePublisher/?format=genericxml2spreed&uri=http://feeds.sgvtribune.com/mngi/rss/CustomRssServlet/205/260521.xml
San Gabriel Valley Tribune,Editorial (Smartphone Only),http://delivery.digitalfirstmedia.com/ConvergencePublisher/?format=genericxml2spreed&uri=http://feeds.sgvtribune.com/mngi/rss/CustomRssServlet/205/260522.xml
San Gabriel Valley Tribune,Letters (Smartphone Only),http://delivery.digitalfirstmedia.com/ConvergencePublisher/?format=genericxml2spreed&uri=http://feeds.sgvtribune.com/mngi/rss/CustomRssServlet/205/260523.xml
San Gabriel Valley Tribune,Columnists (Smartphone Only),http://delivery.digitalfirstmedia.com/ConvergencePublisher/?format=genericxml2spreed&uri=http://feeds.sgvtribune.com/mngi/rss/CustomRssServlet/205/260524.xml
San Gabriel Valley Tribune,Opinions (iPad Only),http://delivery.digitalfirstmedia.com/ConvergencePublisher/?format=genericxml2spreed&uri=http://feeds.sgvtribune.com/mngi/rss/CustomRssServlet/205/260525.xml
San Gabriel Valley Tribune,Entertainment (iPad Only),http://delivery.digitalfirstmedia.com/ConvergencePublisher/?format=genericxml2spreed&uri=http://feeds.u-entertainment.com/mngi/rss/CustomRssServlet/210/260526.xml
San Gabriel Valley Tribune,Living (iPad Only),http://delivery.digitalfirstmedia.com/ConvergencePublisher/?format=genericxml2spreed&uri=http://feeds.u-entertainment.com/mngi/rss/CustomRssServlet/210/260527.xml
,Lifestyle (iPad Only),http://delivery.digitalfirstmedia.com/ConvergencePublisher/?format=genericxml2spreed&uri=http://feeds.sgvtribune.com/mngi/rss/CustomRssServlet/205/261108.xml
San Gabriel Valley Tribune,Features (Smartphone Only),http://delivery.digitalfirstmedia.com/ConvergencePublisher/?format=genericxml2spreed&uri=http://feeds.sgvtribune.com/mngi/rss/CustomRssServlet/205/260528.xml
San Gabriel Valley Tribune,Features: Taste (Smartphone),http://delivery.digitalfirstmedia.com/ConvergencePublisher/?format=genericxml2spreed&uri=http://feeds.sgvtribune.com/mngi/rss/CustomRssServlet/205/260529.xml
San Gabriel Valley Tribune,Features: Health (Smartphone),http://delivery.digitalfirstmedia.com/ConvergencePublisher/?format=genericxml2spreed&uri=http://feeds.sgvtribune.com/mngi/rss/CustomRssServlet/205/260530.xml
San Gabriel Valley Tribune,Great Outdoors (Smartphone),http://delivery.digitalfirstmedia.com/ConvergencePublisher/?format=genericxml2spreed&uri=http://feeds.sgvtribune.com/mngi/rss/CustomRssServlet/205/260531.xml
San Gabriel Valley Tribune,Top Stories (smartphone only),http://delivery.digitalfirstmedia.com/ConvergencePublisher/?format=genericxml2spreed&uri=http://feeds.sgvtribune.com/mngi/rss/CustomRssServlet/205/260532.xml
Inland Valley Daily Bulletin,Breaking News (smartphone only),http://delivery.digitalfirstmedia.com/ConvergencePublisher/?format=genericxml2spreed&uri=http://feeds.dailynews.com/mngi/rss/CustomRssServlet/200/264206.xml
Inland Valley Daily Bulletin,Top News (smartphone only),http://delivery.digitalfirstmedia.com/ConvergencePublisher/?format=genericxml2spreed&uri=http://feeds.dailybulletin.com/mngi/rss/CustomRssServlet/203/260567.xml
Inland Valley Daily Bulletin,Opinions1 (iPad Only),http://delivery.digitalfirstmedia.com/ConvergencePublisher/?format=genericxml2spreed&uri=http://feeds.dailybulletin.com/mngi/rss/CustomRssServlet/203/261901.xml
Inland Valley Daily Bulletin,Opinions2 (iPad Only),http://delivery.digitalfirstmedia.com/ConvergencePublisher/?format=genericxml2spreed&uri=http://feeds.dailybulletin.com/mngi/rss/CustomRssServlet/203/261902.xml
Inland Valley Daily Bulletin,Entertainment1 (iPad only),http://delivery.digitalfirstmedia.com/ConvergencePublisher/?format=genericxml2spreed&uri=http://feeds.dailybulletin.com/mngi/rss/CustomRssServlet/203/261903.xml
Inland Valley Daily Bulletin,Entertainment2 (iPad only),http://delivery.digitalfirstmedia.com/ConvergencePublisher/?format=genericxml2spreed&uri=http://feeds.dailybulletin.com/mngi/rss/CustomRssServlet/203/261904.xml
Inland Valley Daily Bulletin,Living1 (iPad Only),http://delivery.digitalfirstmedia.com/ConvergencePublisher/?format=genericxml2spreed&uri=http://feeds.dailybulletin.com/mngi/rss/CustomRssServlet/203/261905.xml
Inland Valley Daily Bulletin,Living2(iPad Only),http://delivery.digitalfirstmedia.com/ConvergencePublisher/?format=genericxml2spreed&uri=http://feeds.dailybulletin.com/mngi/rss/CustomRssServlet/203/261906.xml
Inland Valley Daily Bulletin,Top Stories (iPad Only),http://delivery.digitalfirstmedia.com/ConvergencePublisher/?format=genericxml2spreed&uri=http://feeds.dailybulletin.com/mngi/rss/CustomRssServlet/203/261900.xml
Inland Valley Daily Bulletin,Local News,http://delivery.digitalfirstmedia.com/ConvergencePublisher/?format=genericxml2spreed&uri=http://feeds.dailybulletin.com/mngi/rss/CustomRssServlet/203/260568.xml
Inland Valley Daily Bulletin,California,http://delivery.digitalfirstmedia.com/ConvergencePublisher/?format=genericxml2spreed&uri=http://feeds.dailybulletin.com/mngi/rss/CustomRssServlet/203/260569.xml
Inland Valley Daily Bulletin,Nation/World,http://delivery.digitalfirstmedia.com/ConvergencePublisher/?format=genericxml2spreed&uri=http://feeds.dailybulletin.com/mngi/rss/CustomRssServlet/203/260570.xml
Inland Valley Daily Bulletin,Local Business (smartphone only),http://delivery.digitalfirstmedia.com/ConvergencePublisher/?format=genericxml2spreed&uri=http://feeds.dailybulletin.com/mngi/rss/CustomRssServlet/203/260571.xml
Inland Valley Daily Bulletin,State/Nation Business (smartphone only),http://delivery.digitalfirstmedia.com/ConvergencePublisher/?format=genericxml2spreed&uri=http://feeds.dailybulletin.com/mngi/rss/CustomRssServlet/203/260572.xml
Inland Valley Daily Bulletin,Entertainment (smartphone only),http://delivery.digitalfirstmedia.com/ConvergencePublisher/?format=genericxml2spreed&uri=http://feeds.dailybulletin.com/mngi/rss/CustomRssServlet/203/260573.xml
Inland Valley Daily Bulletin,Food & Restaurants (smartphone only),http://delivery.digitalfirstmedia.com/ConvergencePublisher/?format=genericxml2spreed&uri=http://feeds.dailybulletin.com/mngi/rss/CustomRssServlet/203/260574.xml
Inland Valley Daily Bulletin,HealthBeat (smartphone only),http://delivery.digitalfirstmedia.com/ConvergencePublisher/?format=genericxml2spreed&uri=http://feeds.sbsun.com/mngi/rss/CustomRssServlet/208/260575.xml
Inland Valley Daily Bulletin,Home&Garden (smartphone only),http://delivery.digitalfirstmedia.com/ConvergencePublisher/?format=genericxml2spreed&uri=http://feeds.sbsun.com/mngi/rss/CustomRssServlet/208/260576.xml
Inland Valley Daily Bulletin,Prep Sports (smartphone only)/ High School Sports (iPad only),http://delivery.digitalfirstmedia.com/ConvergencePublisher/?format=genericxml2spreed&uri=http://feeds.dailybulletin.com/mngi/rss/CustomRssServlet/203/260577.xml
Inland Valley Daily Bulletin,College Sports (smartphone only),http://delivery.digitalfirstmedia.com/ConvergencePublisher/?format=genericxml2spreed&uri=http://feeds.dailybulletin.com/mngi/rss/CustomRssServlet/203/260578.xml
Inland Valley Daily Bulletin,Local Sports,http://delivery.digitalfirstmedia.com/ConvergencePublisher/?format=genericxml2spreed&uri=http://feeds.dailybulletin.com/mngi/rss/CustomRssServlet/203/260579.xml
Inland Valley Daily Bulletin,Lakers,http://delivery.digitalfirstmedia.com/ConvergencePublisher/?format=genericxml2spreed&uri=http://feeds.dailybulletin.com/mngi/rss/CustomRssServlet/203/260580.xml
Inland Valley Daily Bulletin,Dodgers (smartphone only),http://delivery.digitalfirstmedia.com/ConvergencePublisher/?format=genericxml2spreed&uri=http://feeds.dailybulletin.com/mngi/rss/CustomRssServlet/203/260581.xml
Inland Valley Daily Bulletin,Angels (smartphone only),http://delivery.digitalfirstmedia.com/ConvergencePublisher/?format=genericxml2spreed&uri=http://feeds.dailybulletin.com/mngi/rss/CustomRssServlet/203/260582.xml
Inland Valley Daily Bulletin,Quakes (smartphone only),http://delivery.digitalfirstmedia.com/ConvergencePublisher/?format=genericxml2spreed&uri=http://feeds.dailybulletin.com/mngi/rss/CustomRssServlet/203/260583.xml
Inland Valley Daily Bulletin,Reign (smartphone only),http://delivery.digitalfirstmedia.com/ConvergencePublisher/?format=genericxml2spreed&uri=http://feeds.dailybulletin.com/mngi/rss/CustomRssServlet/203/260584.xml
Inland Valley Daily Bulletin,Columnist Brewster (smartphone only),http://delivery.digitalfirstmedia.com/ConvergencePublisher/?format=genericxml2spreed&uri=http://feeds.dailybulletin.com/mngi/rss/CustomRssServlet/203/260585.xml
Inland Valley Daily Bulletin,Our View (smartphone only),http://delivery.digitalfirstmedia.com/ConvergencePublisher/?format=genericxml2spreed&uri=http://feeds.dailybulletin.com/mngi/rss/CustomRssServlet/203/260586.xml
Inland Valley Daily Bulletin,Your View(smartphone only),http://delivery.digitalfirstmedia.com/ConvergencePublisher/?format=genericxml2spreed&uri=http://feeds.dailybulletin.com/mngi/rss/CustomRssServlet/203/260587.xml
Inland Valley Daily Bulletin,Point of View (smartphone only),http://delivery.digitalfirstmedia.com/ConvergencePublisher/?format=genericxml2spreed&uri=http://feeds.dailybulletin.com/mngi/rss/CustomRssServlet/203/260588.xml
Inland Valley Daily Bulletin,Columnist David Allen (smartphone only),http://delivery.digitalfirstmedia.com/ConvergencePublisher/?format=genericxml2spreed&uri=http://feeds.dailybulletin.com/mngi/rss/CustomRssServlet/203/260589.xml
Inland Valley Daily Bulletin,Columnist Diana Sholley (smartphone only),http://delivery.digitalfirstmedia.com/ConvergencePublisher/?format=genericxml2spreed&uri=http://feeds.sbsun.com/mngi/rss/CustomRssServlet/208/260590.xml
Inland Valley Daily Bulletin,Dine 909 (smartphone only),http://delivery.digitalfirstmedia.com/ConvergencePublisher/?format=genericxml2spreed&uri=http://feeds.dailybulletin.com/mngi/rss/CustomRssServlet/203/260591.xml
The (San Bernardino) Sun,Breaking News,http://delivery.digitalfirstmedia.com/ConvergencePublisher/?format=genericxml2spreed&uri=http://feeds.sbsun.com/mngi/rss/CustomRssServlet/208/260672.xml
The (San Bernardino) Sun,Top Stories (iPad Only),http://delivery.digitalfirstmedia.com/ConvergencePublisher/?format=genericxml2spreed&uri=http://feeds.sbsun.com/mngi/rss/CustomRssServlet/208/261801.xml
The (San Bernardino) Sun,Entertainment1 (iPad Only),http://delivery.digitalfirstmedia.com/ConvergencePublisher/?format=genericxml2spreed&uri=http://feeds.sbsun.com/mngi/rss/CustomRssServlet/208/261806.xml
The (San Bernardino) Sun,Entertainment2 (iPad only),http://delivery.digitalfirstmedia.com/ConvergencePublisher/?format=genericxml2spreed&uri=http://feeds.sbsun.com/mngi/rss/CustomRssServlet/208/261804.xml
The (San Bernardino) Sun,Living1 (iPad only),http://delivery.digitalfirstmedia.com/ConvergencePublisher/?format=genericxml2spreed&uri=http://feeds.sbsun.com/mngi/rss/CustomRssServlet/208/261805.xml
The (San Bernardino) Sun,Living2 (iPad only),http://delivery.digitalfirstmedia.com/ConvergencePublisher/?format=genericxml2spreed&uri=http://feeds.sbsun.com/mngi/rss/CustomRssServlet/208/261807.xml
The (San Bernardino) Sun,Opinion1 (iPad only),http://delivery.digitalfirstmedia.com/ConvergencePublisher/?format=genericxml2spreed&uri=http://feeds.sbsun.com/mngi/rss/CustomRssServlet/208/261802.xml
The (San Bernardino) Sun,Opinion2 (iPad only),http://delivery.digitalfirstmedia.com/ConvergencePublisher/?format=genericxml2spreed&uri=http://feeds.sbsun.com/mngi/rss/CustomRssServlet/208/261803.xml
The (San Bernardino) Sun,Top Stories,http://delivery.digitalfirstmedia.com/ConvergencePublisher/?format=genericxml2spreed&uri=http://feeds.sbsun.com/mngi/rss/CustomRssServlet/208/260673.xml
The (San Bernardino) Sun,Breaking News - iPhone/And,http://delivery.digitalfirstmedia.com/ConvergencePublisher/?format=genericxml2spreed&uri=http://feeds.dailynews.com/mngi/rss/CustomRssServlet/200/264207.xml
The (San Bernardino) Sun,Local,http://delivery.digitalfirstmedia.com/ConvergencePublisher/?format=genericxml2spreed&uri=http://feeds.sbsun.com/mngi/rss/CustomRssServlet/208/260674.xml
The (San Bernardino) Sun,California,http://delivery.digitalfirstmedia.com/ConvergencePublisher/?format=genericxml2spreed&uri=http://feeds.dailybulletin.com/mngi/rss/CustomRssServlet/203/260675.xml
The (San Bernardino) Sun,Nation/World,http://delivery.digitalfirstmedia.com/ConvergencePublisher/?format=genericxml2spreed&uri=http://feeds.dailybulletin.com/mngi/rss/CustomRssServlet/203/260676.xml
The (San Bernardino) Sun,State & National,http://delivery.digitalfirstmedia.com/ConvergencePublisher/?format=genericxml2spreed&uri=http://feeds.dailybulletin.com/mngi/rss/CustomRssServlet/203/260677.xml
The (San Bernardino) Sun,Local Business,http://delivery.digitalfirstmedia.com/ConvergencePublisher/?format=genericxml2spreed&uri=http://feeds.dailybulletin.com/mngi/rss/CustomRssServlet/203/260678.xml
The (San Bernardino) Sun,Prep Sports,http://delivery.digitalfirstmedia.com/ConvergencePublisher/?format=genericxml2spreed&uri=http://feeds.sbsun.com/mngi/rss/CustomRssServlet/208/260679.xml
The (San Bernardino) Sun,College Sports,http://delivery.digitalfirstmedia.com/ConvergencePublisher/?format=genericxml2spreed&uri=http://feeds.sbsun.com/mngi/rss/CustomRssServlet/208/260680.xml
The (San Bernardino) Sun,Local Sports,http://delivery.digitalfirstmedia.com/ConvergencePublisher/?format=genericxml2spreed&uri=http://feeds.sbsun.com/mngi/rss/CustomRssServlet/208/260681.xml
The (San Bernardino) Sun,Lakers,http://delivery.digitalfirstmedia.com/ConvergencePublisher/?format=genericxml2spreed&uri=http://feeds.sbsun.com/mngi/rss/CustomRssServlet/208/260682.xml
The (San Bernardino) Sun,Dodgers,http://delivery.digitalfirstmedia.com/ConvergencePublisher/?format=genericxml2spreed&uri=http://feeds.sbsun.com/mngi/rss/CustomRssServlet/208/260683.xml
The (San Bernardino) Sun,Angels,http://delivery.digitalfirstmedia.com/ConvergencePublisher/?format=genericxml2spreed&uri=http://feeds.sbsun.com/mngi/rss/CustomRssServlet/208/260684.xml
The (San Bernardino) Sun,66ers,http://delivery.digitalfirstmedia.com/ConvergencePublisher/?format=genericxml2spreed&uri=http://feeds.sbsun.com/mngi/rss/CustomRssServlet/208/260685.xml
The (San Bernardino) Sun,Reign,http://delivery.digitalfirstmedia.com/ConvergencePublisher/?format=genericxml2spreed&uri=http://feeds.dailybulletin.com/mngi/rss/CustomRssServlet/203/260686.xml
The (San Bernardino) Sun,Quakes,http://delivery.digitalfirstmedia.com/ConvergencePublisher/?format=genericxml2spreed&uri=http://feeds.dailybulletin.com/mngi/rss/CustomRssServlet/203/260687.xml
The (San Bernardino) Sun,Columnist Brewster,http://delivery.digitalfirstmedia.com/ConvergencePublisher/?format=genericxml2spreed&uri=http://feeds.sbsun.com/mngi/rss/CustomRssServlet/208/260688.xml
The (San Bernardino) Sun,Food & Restaurants,http://delivery.digitalfirstmedia.com/ConvergencePublisher/?format=genericxml2spreed&uri=http://feeds.sbsun.com/mngi/rss/CustomRssServlet/208/260689.xml
The (San Bernardino) Sun,HealthBeat,http://delivery.digitalfirstmedia.com/ConvergencePublisher/?format=genericxml2spreed&uri=http://feeds.sbsun.com/mngi/rss/CustomRssServlet/208/260690.xml
The (San Bernardino) Sun,Home&Garden,http://delivery.digitalfirstmedia.com/ConvergencePublisher/?format=genericxml2spreed&uri=http://feeds.sbsun.com/mngi/rss/CustomRssServlet/208/260691.xml
The (San Bernardino) Sun,Entertainment,http://delivery.digitalfirstmedia.com/ConvergencePublisher/?format=genericxml2spreed&uri=http://feeds.sbsun.com/mngi/rss/CustomRssServlet/208/260692.xml
The (San Bernardino) Sun,Your View,http://delivery.digitalfirstmedia.com/ConvergencePublisher/?format=genericxml2spreed&uri=http://feeds.sbsun.com/mngi/rss/CustomRssServlet/208/260693.xml
The (San Bernardino) Sun,Point of View,http://delivery.digitalfirstmedia.com/ConvergencePublisher/?format=genericxml2spreed&uri=http://feeds.sbsun.com/mngi/rss/CustomRssServlet/208/260694.xml
The (San Bernardino) Sun,Our View,http://delivery.digitalfirstmedia.com/ConvergencePublisher/?format=genericxml2spreed&uri=http://feeds.sbsun.com/mngi/rss/CustomRssServlet/208/260695.xml
The (San Bernardino) Sun,Michael Nolan,http://delivery.digitalfirstmedia.com/ConvergencePublisher/?format=genericxml2spreed&uri=http://feeds.sbsun.com/mngi/rss/CustomRssServlet/208/260696.xml
The (San Bernardino) Sun,Frank Pine,http://delivery.digitalfirstmedia.com/ConvergencePublisher/?format=genericxml2spreed&uri=http://feeds.sbsun.com/mngi/rss/CustomRssServlet/208/260697.xml
The (San Bernardino) Sun,Diana Sholley,http://delivery.digitalfirstmedia.com/ConvergencePublisher/?format=genericxml2spreed&uri=http://feeds.sbsun.com/mngi/rss/CustomRssServlet/208/260698.xml
The (San Bernardino) Sun,John Weeks,http://delivery.digitalfirstmedia.com/ConvergencePublisher/?format=genericxml2spreed&uri=http://feeds.sbsun.com/mngi/rss/CustomRssServlet/208/260699.xml
The (San Bernardino) Sun,Louis Brewster,http://delivery.digitalfirstmedia.com/ConvergencePublisher/?format=genericxml2spreed&uri=http://feeds.sbsun.com/mngi/rss/CustomRssServlet/208/260700.xml
LA.com,Movies,http://delivery.digitalfirstmedia.com/ConvergencePublisher/?format=noxslt&uri=http://feeds.la.com/mngi/rss/CustomRssServlet/241/249319.xml
LA.com,Dining,http://delivery.digitalfirstmedia.com/ConvergencePublisher/?format=noxslt&uri=http://feeds.la.com/mngi/rss/CustomRssServlet/241/249320.xml
LA.com,Music,http://delivery.digitalfirstmedia.com/ConvergencePublisher/?format=noxslt&uri=http://feeds.la.com/mngi/rss/CustomRssServlet/241/249321.xml
LA.com,Nightlife,http://delivery.digitalfirstmedia.com/ConvergencePublisher/?format=noxslt&uri=http://feeds.la.com/mngi/rss/CustomRssServlet/241/249323.xml
LA.com,The Arts,http://delivery.digitalfirstmedia.com/ConvergencePublisher/?format=noxslt&uri=http://feeds.la.com/mngi/rss/CustomRssServlet/241/249326.xml
LA.com,TV,http://delivery.digitalfirstmedia.com/ConvergencePublisher/?format=noxslt&uri=http://feeds.la.com/mngi/rss/CustomRssServlet/241/249328.xml
Pasadena Star News,Top Story (iPad),http://delivery.digitalfirstmedia.com/ConvergencePublisher/?format=genericxml2spreed&uri=http://feeds.pasadenastarnews.com/mngi/rss/CustomRssServlet/206/261703.xml
Pasadena Star News,Breaking News - iPhone/And,http://delivery.digitalfirstmedia.com/ConvergencePublisher/?format=genericxml2spreed&uri=http://feeds.dailynews.com/mngi/rss/CustomRssServlet/200/264204.xml
Pasadena Star News,High School Sports (iPad),http://delivery.digitalfirstmedia.com/ConvergencePublisher/?format=genericxml2spreed&uri=http://feeds.pasadenastarnews.com/mngi/rss/CustomRssServlet/206/261705.xml
Pasadena Star News,Lakers (iPad),http://delivery.digitalfirstmedia.com/ConvergencePublisher/?format=genericxml2spreed&uri=http://feeds.pasadenastarnews.com/mngi/rss/CustomRssServlet/206/261706.xml
Pasadena Star News,Opinions1 (iPad),http://delivery.digitalfirstmedia.com/ConvergencePublisher/?format=genericxml2spreed&uri=http://feeds.pasadenastarnews.com/mngi/rss/CustomRssServlet/206/261704.xml
Pasadena Star News,Opinions2 (iPad),http://delivery.digitalfirstmedia.com/ConvergencePublisher/?format=genericxml2spreed&uri=http://feeds.pasadenastarnews.com/mngi/rss/CustomRssServlet/206/261707.xml
Pasadena Star News,Entertainment (iPad),http://delivery.digitalfirstmedia.com/ConvergencePublisher/?format=genericxml2spreed&uri=http://feeds.pasadenastarnews.com/mngi/rss/CustomRssServlet/206/261708.xml
Pasadena Star News,Living (iPad),http://delivery.digitalfirstmedia.com/ConvergencePublisher/?format=genericxml2spreed&uri=http://feeds.pasadenastarnews.com/mngi/rss/CustomRssServlet/206/261709.xml
Pasadena Star News,Sports,http://delivery.digitalfirstmedia.com/ConvergencePublisher/?format=genericxml2spreed&uri=http://feeds.sgvtribune.com/mngi/rss/CustomRssServlet/205/260507.xml
Whittier Daily News,Breaking News iPhone/And,http://delivery.digitalfirstmedia.com/ConvergencePublisher/?format=genericxml2spreed&uri=http://feeds.dailynews.com/mngi/rss/CustomRssServlet/200/264205.xml
Whittier Daily News,Opinion1 (iPad),http://delivery.digitalfirstmedia.com/ConvergencePublisher/?format=genericxml2spreed&uri=http://feeds.sgvtribune.com/mngi/rss/CustomRssServlet/205/262612.xml
Whittier Daily News,Opinion2 (iPad,http://delivery.digitalfirstmedia.com/ConvergencePublisher/?format=genericxml2spreed&uri=http://feeds.dailynews.com/mngi/rss/CustomRssServlet/200/262613.xml
Whittier Daily News,Entertainment (iPad),http://delivery.digitalfirstmedia.com/ConvergencePublisher/?format=genericxml2spreed&uri=http://feeds.u-entertainment.com/mngi/rss/CustomRssServlet/210/262702.xml
Whittier Daily News,Living (iPad),http://delivery.digitalfirstmedia.com/ConvergencePublisher/?format=genericxml2spreed&uri=http://feeds.u-entertainment.com/mngi/rss/CustomRssServlet/210/262703.xml
Whittier Daily News,Sports,http://delivery.digitalfirstmedia.com/ConvergencePublisher/?format=genericxml2spreed&uri=http://feeds.sgvtribune.com/mngi/rss/CustomRssServlet/205/260507.xml
Redlands Daily News,Breaking News (smartphone),http://delivery.digitalfirstmedia.com/ConvergencePublisher/?format=genericxml2spreed&uri=http://feeds.dailynews.com/mngi/rss/CustomRssServlet/200/264208.xml
Redlands Daily News,Top Stories,http://feeds.redlandsdailyfacts.com/mngi/rss/CustomRssServlet/209/249814.xml
Redlands Daily News,Local News,http://feeds.redlandsdailyfacts.com/mngi/rss/CustomRssServlet/209/249902.xml
Redlands Daily News,California,http://delivery.digitalfirstmedia.com/ConvergencePublisher/?format=genericxml2spreed&uri=http://feeds.dailybulletin.com/mngi/rss/CustomRssServlet/203/260519.xml
Redlands Daily News,Nation/World,http://delivery.digitalfirstmedia.com/ConvergencePublisher/?format=genericxml2spreed&uri=http://feeds.dailybulletin.com/mngi/rss/CustomRssServlet/203/260520.xml
Redlands Daily News,Business,http://feeds.redlandsdailyfacts.com/mngi/rss/CustomRssServlet/209/241417.xml
Redlands Daily News,State/Nation (smartphone),http://feeds.dailybulletin.com/mngi/rss/CustomRssServlet/203/241342.xml
Redlands Daily News,Entertainment (smartphone),http://feeds.redlandsdailyfacts.com/mngi/rss/CustomRssServlet/209/241419.xml
Redlands Daily News,Food & Restaurants (smartphone),http://feeds.redlandsdailyfacts.com/mngi/rss/CustomRssServlet/209/241420.xml
Redlands Daily News,Entertainment (iPad),http://feeds.redlandsdailyfacts.com/mngi/rss/CustomRssServlet/209/241419.xml
Redlands Daily News,Food and Restaurants,http://feeds.redlandsdailyfacts.com/mngi/rss/CustomRssServlet/209/241420.xml
Redlands Daily News,Local Sports,http://feeds.redlandsdailyfacts.com/mngi/rss/CustomRssServlet/209/241423.xml
Redlands Daily News,Prep Sports (smartphone),http://feeds.redlandsdailyfacts.com/mngi/rss/CustomRssServlet/209/241424.xml
Redlands Daily News,High School Sports (iPad),http://feeds.redlandsdailyfacts.com/mngi/rss/CustomRssServlet/209/241424.xml
Redlands Daily News,College Sports (smartphone),http://feeds.redlandsdailyfacts.com/mngi/rss/CustomRssServlet/209/241425.xml
Redlands Daily News,Lakers,http://delivery.digitalfirstmedia.com/ConvergencePublisher/?format=genericxml2spreed&uri=http://feeds.sgvtribune.com/mngi/rss/CustomRssServlet/205/260512.xml
Redlands Daily News,Dodgers (smartphone),http://feeds.redlandsdailyfacts.com/mngi/rss/CustomRssServlet/209/241427.xml
Redlands Daily News,Angels (smartphone_),http://feeds.redlandsdailyfacts.com/mngi/rss/CustomRssServlet/209/241428.xml
Redlands Daily News,Opinion (smartphone),http://feeds.redlandsdailyfacts.com/mngi/rss/CustomRssServlet/209/241429.xml
Redlands Daily News,Editorials (smartphone),http://feeds.redlandsdailyfacts.com/mngi/rss/CustomRssServlet/209/241430.xml
Redlands Daily News,Letters to the Editor (smartphone),http://feeds.redlandsdailyfacts.com/mngi/rss/CustomRssServlet/209/241431.xml
Redlands Daily News,Columnists (smartphone),http://feeds.redlandsdailyfacts.com/mngi/rss/CustomRssServlet/209/241432.xml
Redlands Daily News,News Day in Pics,http://photos.denverpost.com/mediacenter/spreed/albumfeed.php?sspid=dpmc&albumid=6&imgmax=25&deviceid=iphone
Redlands Daily News,Entertainment Day in Pics,http://photos.denverpost.com/mediacenter/spreed/albumfeed.php?sspid=dpmc&albumid=26&imgmax=25&deviceid=iphone
Redlands Daily News,Sports Day in Pics,http://photos.denverpost.com/mediacenter/spreed/albumfeed.php?sspid=dpmc&albumid=7&imgmax=25&deviceid=iphone
Redlands Daily News,USC (iPad),http://delivery.digitalfirstmedia.com/ConvergencePublisher/?format=genericxml2spreed&uri=http://feeds.sgvtribune.com/mngi/rss/CustomRssServlet/205/260510.xml
Redlands Daily News,UCLA (iPad),http://delivery.digitalfirstmedia.com/ConvergencePublisher/?format=genericxml2spreed&uri=http://feeds.sgvtribune.com/mngi/rss/CustomRssServlet/205/260511.xml