Lowell Sun News,Breaking News,http://delivery.digitalfirstmedia.com/ConvergencePublisher/?format=genericxml2spreed&uri=http://feeds.lowellsun.com/mngi/rss/CustomRssServlet/105/260477.xml
Lowell Sun News,What Do You Want To Do,http://delivery.digitalfirstmedia.com/ConvergencePublisher/?format=genericxml2spreed&uri=http://feeds.whatdouwannado.com/mngi/rss/CustomRssServlet/55/261300.xml
Lowell Sun News,Headlines,http://delivery.digitalfirstmedia.com/ConvergencePublisher/?format=genericxml2spreed&uri=http://feeds.lowellsun.com/mngi/rss/CustomRssServlet/105/260478.xml
Lowell Sun News,Local News,http://delivery.digitalfirstmedia.com/ConvergencePublisher/?format=genericxml2spreed&uri=http://feeds.lowellsun.com/mngi/rss/CustomRssServlet/105/260479.xml
Lowell Sun News,Schools,http://delivery.digitalfirstmedia.com/ConvergencePublisher/?format=genericxml2spreed&uri=http://feeds.lowellsun.com/mngi/rss/CustomRssServlet/105/260480.xml
Lowell Sun News,Religion,http://delivery.digitalfirstmedia.com/ConvergencePublisher/?format=genericxml2spreed&uri=http://feeds.lowellsun.com/mngi/rss/CustomRssServlet/105/260481.xml
Lowell Sun News,Lifestyles,http://delivery.digitalfirstmedia.com/ConvergencePublisher/?format=genericxml2spreed&uri=http://feeds.lowellsun.com/mngi/rss/CustomRssServlet/105/260482.xml
Lowell Sun News,Police Log,http://delivery.digitalfirstmedia.com/ConvergencePublisher/?format=genericxml2spreed&uri=http://feeds.lowellsun.com/mngi/rss/CustomRssServlet/105/260483.xml
Lowell Sun News,Sports,http://delivery.digitalfirstmedia.com/ConvergencePublisher/?format=genericxml2spreed&uri=http://feeds.lowellsun.com/mngi/rss/CustomRssServlet/105/260484.xml
Lowell Sun News,Business,http://delivery.digitalfirstmedia.com/ConvergencePublisher/?format=genericxml2spreed&uri=http://feeds.lowellsun.com/mngi/rss/CustomRssServlet/105/260485.xml
Lowell Sun News,Entertainment,http://delivery.digitalfirstmedia.com/ConvergencePublisher/?format=genericxml2spreed&uri=http://feeds.lowellsun.com/mngi/rss/CustomRssServlet/105/260486.xml
Lowell Sun News,Editorials,http://delivery.digitalfirstmedia.com/ConvergencePublisher/?format=genericxml2spreed&uri=http://feeds.lowellsun.com/mngi/rss/CustomRssServlet/105/260487.xml
Lowell Sun News,Letters,http://delivery.digitalfirstmedia.com/ConvergencePublisher/?format=genericxml2spreed&uri=http://feeds.lowellsun.com/mngi/rss/CustomRssServlet/105/260488.xml
Lowell Sun News,BackTalk,http://delivery.digitalfirstmedia.com/ConvergencePublisher/?format=genericxml2spreed&uri=http://feeds.lowellsun.com/mngi/rss/CustomRssServlet/105/260489.xml
Lowell Sun News,The Column,http://delivery.digitalfirstmedia.com/ConvergencePublisher/?format=genericxml2spreed&uri=http://feeds.lowellsun.com/mngi/rss/CustomRssServlet/105/260490.xml
Lowell Sun News,Columnists,http://delivery.digitalfirstmedia.com/ConvergencePublisher/?format=genericxml2spreed&uri=http://feeds.lowellsun.com/mngi/rss/CustomRssServlet/105/260491.xml
Lowell Sun News,Gallery: Daily Photo,http://delivery.digitalfirstmedia.com/ConvergencePublisher/?format=genericxml2spreed&uri=http://feeds.lowellsun.com/mngi/rss/CustomRssServlet/105/260492.xml
Sentine & Enterprise,Breaking News,http://delivery.digitalfirstmedia.com/ConvergencePublisher/?format=genericxml2spreed&uri=http://feeds.sentinelandenterprise.com/mngi/rss/CustomRssServlet/106/260857.xml
Sentine & Enterprise,Top Story,http://delivery.digitalfirstmedia.com/ConvergencePublisher/?format=genericxml2spreed&uri=http://feeds.sentinelandenterprise.com/mngi/rss/CustomRssServlet/106/260858.xml
Sentine & Enterprise,Local News,http://delivery.digitalfirstmedia.com/ConvergencePublisher/?format=genericxml2spreed&uri=http://feeds.sentinelandenterprise.com/mngi/rss/CustomRssServlet/106/260859.xml
Sentine & Enterprise,Community News,http://delivery.digitalfirstmedia.com/ConvergencePublisher/?format=genericxml2spreed&uri=http://feeds.sentinelandenterprise.com/mngi/rss/CustomRssServlet/106/260860.xml
Sentine & Enterprise,Police Briefs,http://delivery.digitalfirstmedia.com/ConvergencePublisher/?format=genericxml2spreed&uri=http://feeds.sentinelandenterprise.com/mngi/rss/CustomRssServlet/106/260861.xml
Sentine & Enterprise,Photo of the Day,http://delivery.digitalfirstmedia.com/ConvergencePublisher/?format=genericxml2spreed&uri=http://feeds.sentinelandenterprise.com/mngi/rss/CustomRssServlet/106/260862.xml
Sentine & Enterprise,Sports,http://delivery.digitalfirstmedia.com/ConvergencePublisher/?format=genericxml2spreed&uri=http://feeds.sentinelandenterprise.com/mngi/rss/CustomRssServlet/106/260863.xml
Sentine & Enterprise,Lifestyles,http://delivery.digitalfirstmedia.com/ConvergencePublisher/?format=genericxml2spreed&uri=http://feeds.sentinelandenterprise.com/mngi/rss/CustomRssServlet/106/260864.xml
Sentine & Enterprise,Health,http://delivery.digitalfirstmedia.com/ConvergencePublisher/?format=genericxml2spreed&uri=http://feeds.sentinelandenterprise.com/mngi/rss/CustomRssServlet/106/260865.xml
Sentine & Enterprise,Going Green,http://delivery.digitalfirstmedia.com/ConvergencePublisher/?format=genericxml2spreed&uri=http://feeds.lowellsun.com/mngi/rss/CustomRssServlet/105/260866.xml
Sentine & Enterprise,Business,http://delivery.digitalfirstmedia.com/ConvergencePublisher/?format=genericxml2spreed&uri=http://feeds.sentinelandenterprise.com/mngi/rss/CustomRssServlet/106/260867.xml
Sentine & Enterprise,Opinions,http://delivery.digitalfirstmedia.com/ConvergencePublisher/?format=genericxml2spreed&uri=http://feeds.sentinelandenterprise.com/mngi/rss/CustomRssServlet/106/260868.xml
Sentine & Enterprise,Editorials,http://delivery.digitalfirstmedia.com/ConvergencePublisher/?format=genericxml2spreed&uri=http://feeds.sentinelandenterprise.com/mngi/rss/CustomRssServlet/106/260869.xml
Sentine & Enterprise,Columnists,http://delivery.digitalfirstmedia.com/ConvergencePublisher/?format=genericxml2spreed&uri=http://feeds.sentinelandenterprise.com/mngi/rss/CustomRssServlet/106/260870.xml