Monterey County Herald,Features (iPad),http://delivery.digitalfirstmedia.com/ConvergencePublisher/?format=genericxml2spreed&uri=http://feeds.montereyherald.com/mngi/rss/CustomRssServlet/570/260493.xml
Monterey County Herald,Breaking News,http://delivery.digitalfirstmedia.com/ConvergencePublisher/?format=genericxml2spreed&uri=http://feeds.montereyherald.com/mngi/rss/CustomRssServlet/570/260494.xml
Monterey County Herald,Top Stories,http://delivery.digitalfirstmedia.com/ConvergencePublisher/?format=genericxml2spreed&uri=http://feeds.montereyherald.com/mngi/rss/CustomRssServlet/570/260495.xml
Monterey County Herald,Local News,http://delivery.digitalfirstmedia.com/ConvergencePublisher/?format=genericxml2spreed&uri=http://feeds.montereyherald.com/mngi/rss/CustomRssServlet/570/260496.xml
Eureka Times Standard,Breaking News,http://delivery.digitalfirstmedia.com/ConvergencePublisher/?format=genericxml2spreed&uri=http://feeds.times-standard.com/mngi/rss/CustomRssServlet/127/260618.xml
Eureka Times Standard,News,http://delivery.digitalfirstmedia.com/ConvergencePublisher/?format=genericxml2spreed&uri=http://feeds.times-standard.com/mngi/rss/CustomRssServlet/127/260619.xml
Eureka Times Standard,Business,http://delivery.digitalfirstmedia.com/ConvergencePublisher/?format=genericxml2spreed&uri=http://feeds.times-standard.com/mngi/rss/CustomRssServlet/127/260620.xml
Eureka Times Standard,Sports,http://delivery.digitalfirstmedia.com/ConvergencePublisher/?format=genericxml2spreed&uri=http://feeds.times-standard.com/mngi/rss/CustomRssServlet/127/260621.xml
Eureka Times Standard,Humbold Crabs,http://delivery.digitalfirstmedia.com/ConvergencePublisher/?format=genericxml2spreed&uri=http://feeds.times-standard.com/mngi/rss/CustomRssServlet/127/260622.xml
Eureka Times Standard,Fishing on the North Coast,http://delivery.digitalfirstmedia.com/ConvergencePublisher/?format=genericxml2spreed&uri=http://feeds.times-standard.com/mngi/rss/CustomRssServlet/127/260623.xml
Eureka Times Standard,Entertainment,http://delivery.digitalfirstmedia.com/ConvergencePublisher/?format=genericxml2spreed&uri=http://feeds.times-standard.com/mngi/rss/CustomRssServlet/127/260624.xml
Eureka Times Standard,Lifestyle,http://delivery.digitalfirstmedia.com/ConvergencePublisher/?format=genericxml2spreed&uri=http://feeds.times-standard.com/mngi/rss/CustomRssServlet/127/260625.xml
Eureka Times Standard,Anniversaries,http://delivery.digitalfirstmedia.com/ConvergencePublisher/?format=genericxml2spreed&uri=http://feeds.times-standard.com/mngi/rss/CustomRssServlet/127/260626.xml
Eureka Times Standard,Weddings,http://delivery.digitalfirstmedia.com/ConvergencePublisher/?format=genericxml2spreed&uri=http://feeds.times-standard.com/mngi/rss/CustomRssServlet/127/260627.xml
Eureka Times Standard,Engagements,http://delivery.digitalfirstmedia.com/ConvergencePublisher/?format=genericxml2spreed&uri=http://feeds.times-standard.com/mngi/rss/CustomRssServlet/127/260628.xml
Eureka Times Standard,Opinion,http://delivery.digitalfirstmedia.com/ConvergencePublisher/?format=genericxml2spreed&uri=http://feeds.times-standard.com/mngi/rss/CustomRssServlet/127/260629.xml
Eureka Times Standard,Editorials,http://delivery.digitalfirstmedia.com/ConvergencePublisher/?format=genericxml2spreed&uri=http://feeds.times-standard.com/mngi/rss/CustomRssServlet/127/260630.xml
Eureka Times Standard,Letters,http://delivery.digitalfirstmedia.com/ConvergencePublisher/?format=genericxml2spreed&uri=http://feeds.times-standard.com/mngi/rss/CustomRssServlet/127/260631.xml
Eureka Times Standard,Obituaries,http://delivery.digitalfirstmedia.com/ConvergencePublisher/?format=genericxml2spreed&uri=http://feeds.chicoer.com/mngi/rss/CustomRssServlet/135/260632.xml
Vacaville Reporter,Local News,http://delivery.digitalfirstmedia.com/ConvergencePublisher/?format=genericxml2spreed&uri=http://rss.thereporter.com/mngi/rss/CustomRssServlet/295/260701.xml
Vacaville Reporter,Business,http://delivery.digitalfirstmedia.com/ConvergencePublisher/?format=genericxml2spreed&uri=http://rss.thereporter.com/mngi/rss/CustomRssServlet/295/260702.xml
Vacaville Reporter,Sports,http://delivery.digitalfirstmedia.com/ConvergencePublisher/?format=genericxml2spreed&uri=http://rss.thereporter.com/mngi/rss/CustomRssServlet/295/260703.xml
Vacaville Reporter,Prep Sports,http://delivery.digitalfirstmedia.com/ConvergencePublisher/?format=genericxml2spreed&uri=http://rss.thereporter.com/mngi/rss/CustomRssServlet/295/260704.xml
Vacaville Reporter,Entertainment,http://delivery.digitalfirstmedia.com/ConvergencePublisher/?format=genericxml2spreed&uri=http://rss.thereporter.com/mngi/rss/CustomRssServlet/295/260705.xml
Vacaville Reporter,Happenings,http://delivery.digitalfirstmedia.com/ConvergencePublisher/?format=genericxml2spreed&uri=http://rss.thereporter.com/mngi/rss/CustomRssServlet/295/260706.xml
Vacaville Reporter,Obituaries,http://delivery.digitalfirstmedia.com/ConvergencePublisher/?format=genericxml2spreed&uri=http://rss.thereporter.com/mngi/rss/CustomRssServlet/295/260707.xml
Vacaville Reporter,Opinion,http://delivery.digitalfirstmedia.com/ConvergencePublisher/?format=genericxml2spreed&uri=http://rss.thereporter.com/mngi/rss/CustomRssServlet/295/260708.xml
Vacaville Reporter,Editorial,http://delivery.digitalfirstmedia.com/ConvergencePublisher/?format=genericxml2spreed&uri=http://rss.thereporter.com/mngi/rss/CustomRssServlet/295/260709.xml
Vacaville Reporter,Letters,http://delivery.digitalfirstmedia.com/ConvergencePublisher/?format=genericxml2spreed&uri=http://rss.thereporter.com/mngi/rss/CustomRssServlet/295/260710.xml
Vallejo Times Herald,Local News,http://delivery.digitalfirstmedia.com/ConvergencePublisher/?format=genericxml2spreed&uri=http://feeds.timesheraldonline.com/mngi/rss/CustomRssServlet/296/260711.xml
Vallejo Times Herald,Obituaries,http://delivery.digitalfirstmedia.com/ConvergencePublisher/?format=genericxml2spreed&uri=http://feeds.timesheraldonline.com/mngi/rss/CustomRssServlet/296/260712.xml
Vallejo Times Herald,Alerts,http://delivery.digitalfirstmedia.com/ConvergencePublisher/?format=genericxml2spreed&uri=http://feeds.timesheraldonline.com/mngi/rss/CustomRssServlet/296/260713.xml
Vallejo Times Herald,Local Sports,http://delivery.digitalfirstmedia.com/ConvergencePublisher/?format=genericxml2spreed&uri=http://feeds.timesheraldonline.com/mngi/rss/CustomRssServlet/296/260714.xml
Vallejo Times Herald,On Deck,http://delivery.digitalfirstmedia.com/ConvergencePublisher/?format=genericxml2spreed&uri=http://feeds.timesheraldonline.com/mngi/rss/CustomRssServlet/296/260715.xml
Vallejo Times Herald,Opinion,http://delivery.digitalfirstmedia.com/ConvergencePublisher/?format=genericxml2spreed&uri=http://feeds.timesheraldonline.com/mngi/rss/CustomRssServlet/296/260716.xml
Vallejo Times Herald,Editorial,http://delivery.digitalfirstmedia.com/ConvergencePublisher/?format=genericxml2spreed&uri=http://feeds.timesheraldonline.com/mngi/rss/CustomRssServlet/296/260717.xml
Vallejo Times Herald,Letters,http://delivery.digitalfirstmedia.com/ConvergencePublisher/?format=genericxml2spreed&uri=http://feeds.timesheraldonline.com/mngi/rss/CustomRssServlet/296/260718.xml
Vallejo Times Herald,Arts,http://delivery.digitalfirstmedia.com/ConvergencePublisher/?format=genericxml2spreed&uri=http://feeds.timesheraldonline.com/mngi/rss/CustomRssServlet/296/260719.xml
Vallejo Times Herald,Sunday Outlook,http://delivery.digitalfirstmedia.com/ConvergencePublisher/?format=genericxml2spreed&uri=http://feeds.timesheraldonline.com/mngi/rss/CustomRssServlet/296/260720.xml
Daily Democrat,News,http://delivery.digitalfirstmedia.com/ConvergencePublisher/?format=genericxml2spreed&uri=http://feeds.dailydemocrat.com/mngi/rss/CustomRssServlet/136/260747.xml
Daily Democrat,Business,http://delivery.digitalfirstmedia.com/ConvergencePublisher/?format=genericxml2spreed&uri=http://feeds.dailydemocrat.com/mngi/rss/CustomRssServlet/136/260748.xml
Daily Democrat,Obituaries,http://delivery.digitalfirstmedia.com/ConvergencePublisher/?format=genericxml2spreed&uri=http://feeds.dailydemocrat.com/mngi/rss/CustomRssServlet/136/260749.xml
Daily Democrat,Sports,http://delivery.digitalfirstmedia.com/ConvergencePublisher/?format=genericxml2spreed&uri=http://feeds.dailydemocrat.com/mngi/rss/CustomRssServlet/136/260750.xml
Daily Democrat,Entertainment,http://delivery.digitalfirstmedia.com/ConvergencePublisher/?format=genericxml2spreed&uri=http://feeds.dailydemocrat.com/mngi/rss/CustomRssServlet/136/260751.xml
Daily Democrat,Letters,http://delivery.digitalfirstmedia.com/ConvergencePublisher/?format=genericxml2spreed&uri=http://feeds.dailydemocrat.com/mngi/rss/CustomRssServlet/136/260752.xml
Daily Democrat,Editorials,http://delivery.digitalfirstmedia.com/ConvergencePublisher/?format=genericxml2spreed&uri=http://feeds.dailydemocrat.com/mngi/rss/CustomRssServlet/136/260753.xml
Daily Democrat,Opinion,http://delivery.digitalfirstmedia.com/ConvergencePublisher/?format=genericxml2spreed&uri=http://feeds.dailydemocrat.com/mngi/rss/CustomRssServlet/136/260754.xml