York Daily Record (YDR),Top Stories,http://delivery.digitalfirstmedia.com/ConvergencePublisher/?format=genericxml2spreed&uri=http://feeds.ydr.com/mngi/rss/CustomRssServlet/515/260592.xml
York Daily Record (YDR),Best on YDR,http://delivery.digitalfirstmedia.com/ConvergencePublisher/?format=genericxml2spreed&uri=http://feeds.ydr.com/mngi/rss/CustomRssServlet/515/260593.xml
York Daily Record (YDR),Crime,http://delivery.digitalfirstmedia.com/ConvergencePublisher/?format=genericxml2spreed&uri=http://feeds.ydr.com/mngi/rss/CustomRssServlet/515/260594.xml
York Daily Record (YDR),National,http://delivery.digitalfirstmedia.com/ConvergencePublisher/?format=genericxml2spreed&uri=http://feeds.ydr.com/mngi/rss/CustomRssServlet/515/260595.xml
York Daily Record (YDR),Regional,http://delivery.digitalfirstmedia.com/ConvergencePublisher/?format=genericxml2spreed&uri=http://feeds.ydr.com/mngi/rss/CustomRssServlet/515/260596.xml
York Daily Record (YDR),State,http://delivery.digitalfirstmedia.com/ConvergencePublisher/?format=genericxml2spreed&uri=http://feeds.ydr.com/mngi/rss/CustomRssServlet/515/260597.xml
York Daily Record (YDR),Top News,http://delivery.digitalfirstmedia.com/ConvergencePublisher/?format=genericxml2spreed&uri=http://feeds.ydr.com/mngi/rss/CustomRssServlet/515/260598.xml
York Daily Record (YDR),PSU Football,http://delivery.digitalfirstmedia.com/ConvergencePublisher/?format=genericxml2spreed&uri=http://feeds.ydr.com/mngi/rss/CustomRssServlet/515/260599.xml
York Daily Record (YDR),Revs,http://delivery.digitalfirstmedia.com/ConvergencePublisher/?format=genericxml2spreed&uri=http://feeds.ydr.com/mngi/rss/CustomRssServlet/515/260600.xml
York Daily Record (YDR),National,http://delivery.digitalfirstmedia.com/ConvergencePublisher/?format=genericxml2spreed&uri=http://feeds.ydr.com/mngi/rss/CustomRssServlet/515/260601.xml
York Daily Record (YDR),Editorial,http://delivery.digitalfirstmedia.com/ConvergencePublisher/?format=genericxml2spreed&uri=http://feeds.ydr.com/mngi/rss/CustomRssServlet/515/260602.xml
York Daily Record (YDR),Letters,http://delivery.digitalfirstmedia.com/ConvergencePublisher/?format=genericxml2spreed&uri=http://feeds.ydr.com/mngi/rss/CustomRssServlet/515/260603.xml
York Daily Record (YDR),Argento,http://delivery.digitalfirstmedia.com/ConvergencePublisher/?format=genericxml2spreed&uri=http://feeds.ydr.com/mngi/rss/CustomRssServlet/515/260604.xml
York Daily Record (YDR),Living: Top News,http://delivery.digitalfirstmedia.com/ConvergencePublisher/?format=genericxml2spreed&uri=http://feeds.ydr.com/mngi/rss/CustomRssServlet/515/260605.xml
York Daily Record (YDR),Offbeat,http://delivery.digitalfirstmedia.com/ConvergencePublisher/?format=genericxml2spreed&uri=http://feeds.ydr.com/mngi/rss/CustomRssServlet/515/260606.xml
York Daily Record (YDR),Celebrity,http://delivery.digitalfirstmedia.com/ConvergencePublisher/?format=genericxml2spreed&uri=http://feeds.ydr.com/mngi/rss/CustomRssServlet/515/260607.xml
York Daily Record (YDR),Entertainment,http://delivery.digitalfirstmedia.com/ConvergencePublisher/?format=genericxml2spreed&uri=http://feeds.flipsidepa.com/mngi/rss/CustomRssServlet/502/260608.xml
York Daily Record (YDR),Business: Top News,http://delivery.digitalfirstmedia.com/ConvergencePublisher/?format=genericxml2spreed&uri=http://feeds.ydr.com/mngi/rss/CustomRssServlet/515/260609.xml
York Daily Record (YDR),Inspections,http://delivery.digitalfirstmedia.com/ConvergencePublisher/?format=genericxml2spreed&uri=http://feeds.ydr.com/mngi/rss/CustomRssServlet/515/260610.xml
York Daily Record (YDR),National,http://delivery.digitalfirstmedia.com/ConvergencePublisher/?format=genericxml2spreed&uri=http://feeds.ydr.com/mngi/rss/CustomRssServlet/515/260611.xml
York Daily Record (YDR),Real Estate,http://delivery.digitalfirstmedia.com/ConvergencePublisher/?format=genericxml2spreed&uri=http://feeds.ydr.com/mngi/rss/CustomRssServlet/515/260612.xml
Lebanon Daily News,Latest News,http://delivery.digitalfirstmedia.com/ConvergencePublisher/?format=genericxml2spreed&uri=http://feeds.ldnews.com/mngi/rss/CustomRssServlet/139/260633.xml
Lebanon Daily News,Local News,http://delivery.digitalfirstmedia.com/ConvergencePublisher/?format=genericxml2spreed&uri=http://feeds.ldnews.com/mngi/rss/CustomRssServlet/139/260634.xml
Lebanon Daily News,Business,http://delivery.digitalfirstmedia.com/ConvergencePublisher/?format=genericxml2spreed&uri=http://feeds.ldnews.com/mngi/rss/CustomRssServlet/139/260635.xml
Lebanon Daily News,Police & Fire,http://delivery.digitalfirstmedia.com/ConvergencePublisher/?format=genericxml2spreed&uri=http://feeds.ldnews.com/mngi/rss/CustomRssServlet/139/260636.xml
Lebanon Daily News,National,http://delivery.digitalfirstmedia.com/ConvergencePublisher/?format=genericxml2spreed&uri=http://feeds.ldnews.com/mngi/rss/CustomRssServlet/139/260637.xml
Lebanon Daily News,State,http://delivery.digitalfirstmedia.com/ConvergencePublisher/?format=genericxml2spreed&uri=http://feeds.ldnews.com/mngi/rss/CustomRssServlet/139/260638.xml
Lebanon Daily News,Local Sports,http://delivery.digitalfirstmedia.com/ConvergencePublisher/?format=genericxml2spreed&uri=http://feeds.ldnews.com/mngi/rss/CustomRssServlet/139/260639.xml
Lebanon Daily News,Hershey Bears,http://delivery.digitalfirstmedia.com/ConvergencePublisher/?format=genericxml2spreed&uri=http://feeds.ldnews.com/mngi/rss/CustomRssServlet/139/260640.xml
Lebanon Daily News,National Sports,http://delivery.digitalfirstmedia.com/ConvergencePublisher/?format=genericxml2spreed&uri=http://feeds.ldnews.com/mngi/rss/CustomRssServlet/139/260641.xml
Lebanon Daily News,Valley Life,http://delivery.digitalfirstmedia.com/ConvergencePublisher/?format=genericxml2spreed&uri=http://feeds.ldnews.com/mngi/rss/CustomRssServlet/139/260642.xml
Lebanon Daily News,Church,http://delivery.digitalfirstmedia.com/ConvergencePublisher/?format=genericxml2spreed&uri=http://feeds.ldnews.com/mngi/rss/CustomRssServlet/139/260643.xml
Lebanon Daily News,Entertainment,http://delivery.digitalfirstmedia.com/ConvergencePublisher/?format=genericxml2spreed&uri=http://feeds.ldnews.com/mngi/rss/CustomRssServlet/139/260644.xml
Lebanon Daily News,Celebrity,http://delivery.digitalfirstmedia.com/ConvergencePublisher/?format=genericxml2spreed&uri=http://feeds.ldnews.com/mngi/rss/CustomRssServlet/139/260645.xml
Lebanon Daily News,Offbeat,http://delivery.digitalfirstmedia.com/ConvergencePublisher/?format=genericxml2spreed&uri=http://feeds.ldnews.com/mngi/rss/CustomRssServlet/139/260646.xml
Lebanon Daily News,Editorials,http://delivery.digitalfirstmedia.com/ConvergencePublisher/?format=genericxml2spreed&uri=http://feeds.ldnews.com/mngi/rss/CustomRssServlet/139/260647.xml
Lebanon Daily News,Letters,http://delivery.digitalfirstmedia.com/ConvergencePublisher/?format=genericxml2spreed&uri=http://feeds.ldnews.com/mngi/rss/CustomRssServlet/139/260648.xml
Lebanon Daily News,Columns,http://delivery.digitalfirstmedia.com/ConvergencePublisher/?format=genericxml2spreed&uri=http://feeds.ldnews.com/mngi/rss/CustomRssServlet/139/260649.xml
Chambersburg Public Opinion,Local News,http://delivery.digitalfirstmedia.com/ConvergencePublisher/?format=genericxml2spreed&uri=http://feeds.publicopiniononline.com/mngi/rss/CustomRssServlet/556/260784.xml
Chambersburg Public Opinion,Local News (iPad),http://delivery.digitalfirstmedia.com/ConvergencePublisher/?format=genericxml2spreed&uri=http://feeds.publicopiniononline.com/mngi/rss/CustomRssServlet/556/262610.xml
Chambersburg Public Opinion,State News,http://delivery.digitalfirstmedia.com/ConvergencePublisher/?format=genericxml2spreed&uri=http://feeds.publicopiniononline.com/mngi/rss/CustomRssServlet/556/260785.xml
Chambersburg Public Opinion,Police Log,http://delivery.digitalfirstmedia.com/ConvergencePublisher/?format=genericxml2spreed&uri=http://feeds.publicopiniononline.com/mngi/rss/CustomRssServlet/556/260786.xml
Chambersburg Public Opinion,National News,http://delivery.digitalfirstmedia.com/ConvergencePublisher/?format=genericxml2spreed&uri=http://feeds.publicopiniononline.com/mngi/rss/CustomRssServlet/556/260787.xml
Chambersburg Public Opinion,Sports: Top News,http://delivery.digitalfirstmedia.com/ConvergencePublisher/?format=genericxml2spreed&uri=http://feeds.publicopiniononline.com/mngi/rss/CustomRssServlet/556/260788.xml
Chambersburg Public Opinion,Penn State,http://delivery.digitalfirstmedia.com/ConvergencePublisher/?format=genericxml2spreed&uri=http://feeds.ydr.com/mngi/rss/CustomRssServlet/515/260789.xml
Chambersburg Public Opinion,Hershey Bears,http://delivery.digitalfirstmedia.com/ConvergencePublisher/?format=genericxml2spreed&uri=http://feeds.ldnews.com/mngi/rss/CustomRssServlet/139/260790.xml
Chambersburg Public Opinion,Sports: National,http://delivery.digitalfirstmedia.com/ConvergencePublisher/?format=genericxml2spreed&uri=http://feeds.publicopiniononline.com/mngi/rss/CustomRssServlet/556/260791.xml
Chambersburg Public Opinion,Editorials,http://delivery.digitalfirstmedia.com/ConvergencePublisher/?format=genericxml2spreed&uri=http://feeds.publicopiniononline.com/mngi/rss/CustomRssServlet/556/260792.xml
Chambersburg Public Opinion,Letters,http://delivery.digitalfirstmedia.com/ConvergencePublisher/?format=genericxml2spreed&uri=http://feeds.publicopiniononline.com/mngi/rss/CustomRssServlet/556/260793.xml
Chambersburg Public Opinion,Living: Top Stories,http://delivery.digitalfirstmedia.com/ConvergencePublisher/?format=genericxml2spreed&uri=http://feeds.publicopiniononline.com/mngi/rss/CustomRssServlet/556/260794.xml
Chambersburg Public Opinion,Weekender,http://delivery.digitalfirstmedia.com/ConvergencePublisher/?format=genericxml2spreed&uri=http://feeds.publicopiniononline.com/mngi/rss/CustomRssServlet/556/260795.xml
Chambersburg Public Opinion,OffBeat,http://delivery.digitalfirstmedia.com/ConvergencePublisher/?format=genericxml2spreed&uri=http://feeds.publicopiniononline.com/mngi/rss/CustomRssServlet/556/260796.xml
Chambersburg Public Opinion,Celebrity,http://delivery.digitalfirstmedia.com/ConvergencePublisher/?format=genericxml2spreed&uri=http://feeds.publicopiniononline.com/mngi/rss/CustomRssServlet/556/260797.xml
Hanover Evening Sun,Local News,http://delivery.digitalfirstmedia.com/ConvergencePublisher/?format=genericxml2spreed&uri=http://feeds.eveningsun.com/mngi/rss/CustomRssServlet/140/260842.xml
Hanover Evening Sun,State,http://delivery.digitalfirstmedia.com/ConvergencePublisher/?format=genericxml2spreed&uri=http://feeds.ldnews.com/mngi/rss/CustomRssServlet/139/260843.xml
Hanover Evening Sun,Business,http://delivery.digitalfirstmedia.com/ConvergencePublisher/?format=genericxml2spreed&uri=http://feeds.eveningsun.com/mngi/rss/CustomRssServlet/140/260844.xml
Hanover Evening Sun,National,http://delivery.digitalfirstmedia.com/ConvergencePublisher/?format=genericxml2spreed&uri=http://feeds.ldnews.com/mngi/rss/CustomRssServlet/139/260845.xml
Hanover Evening Sun,Sports: Top Stories,http://delivery.digitalfirstmedia.com/ConvergencePublisher/?format=genericxml2spreed&uri=http://feeds.eveningsun.com/mngi/rss/CustomRssServlet/140/260846.xml
Hanover Evening Sun,Penn State,http://delivery.digitalfirstmedia.com/ConvergencePublisher/?format=genericxml2spreed&uri=http://feeds.ydr.com/mngi/rss/CustomRssServlet/515/260847.xml
Hanover Evening Sun,National Sports,http://delivery.digitalfirstmedia.com/ConvergencePublisher/?format=genericxml2spreed&uri=http://feeds.ldnews.com/mngi/rss/CustomRssServlet/139/260848.xml
Hanover Evening Sun,Features,http://delivery.digitalfirstmedia.com/ConvergencePublisher/?format=genericxml2spreed&uri=http://feeds.eveningsun.com/mngi/rss/CustomRssServlet/140/260849.xml
Hanover Evening Sun,National,http://delivery.digitalfirstmedia.com/ConvergencePublisher/?format=genericxml2spreed&uri=http://feeds.ldnews.com/mngi/rss/CustomRssServlet/139/260850.xml
Hanover Evening Sun,Offbeat,http://delivery.digitalfirstmedia.com/ConvergencePublisher/?format=genericxml2spreed&uri=http://feeds.ldnews.com/mngi/rss/CustomRssServlet/139/260851.xml
Hanover Evening Sun,Celebrity,http://delivery.digitalfirstmedia.com/ConvergencePublisher/?format=genericxml2spreed&uri=http://feeds.ldnews.com/mngi/rss/CustomRssServlet/139/260852.xml
Hanover Evening Sun,Editorials,http://delivery.digitalfirstmedia.com/ConvergencePublisher/?format=genericxml2spreed&uri=http://feeds.eveningsun.com/mngi/rss/CustomRssServlet/140/260853.xml
Hanover Evening Sun,Editor's Column,http://delivery.digitalfirstmedia.com/ConvergencePublisher/?format=genericxml2spreed&uri=http://feeds.eveningsun.com/mngi/rss/CustomRssServlet/140/260854.xml
Hanover Evening Sun,Letters,http://delivery.digitalfirstmedia.com/ConvergencePublisher/?format=genericxml2spreed&uri=http://feeds.eveningsun.com/mngi/rss/CustomRssServlet/140/260855.xml
Hanover Evening Sun,Column,http://delivery.digitalfirstmedia.com/ConvergencePublisher/?format=genericxml2spreed&uri=http://feeds.eveningsun.com/mngi/rss/CustomRssServlet/140/260856.xml