Daily Camera,Breaking News,http://delivery.digitalfirstmedia.com/ConvergencePublisher/?format=genericxml2spreed&uri=http://feeds.dailycamera.com/mngi/rss/CustomRssServlet/21/260375.xml
Daily Camera,Top Stories,http://delivery.digitalfirstmedia.com/ConvergencePublisher/?format=genericxml2spreed&uri=http://feeds.dailycamera.com/mngi/rss/CustomRssServlet/21/260376.xml
Daily Camera,Boulder News,http://delivery.digitalfirstmedia.com/ConvergencePublisher/?format=genericxml2spreed&uri=http://feeds.dailycamera.com/mngi/rss/CustomRssServlet/21/260377.xml
Daily Camera,Boulder County News,http://delivery.digitalfirstmedia.com/ConvergencePublisher/?format=genericxml2spreed&uri=http://feeds.dailycamera.com/mngi/rss/CustomRssServlet/21/260378.xml
Daily Camera,East Boulber County News,http://delivery.digitalfirstmedia.com/ConvergencePublisher/?format=genericxml2spreed&uri=http://feeds.dailycamera.com/mngi/rss/CustomRssServlet/21/260379.xml
Daily Camera,CU News,http://delivery.digitalfirstmedia.com/ConvergencePublisher/?format=genericxml2spreed&uri=http://feeds.dailycamera.com/mngi/rss/CustomRssServlet/21/260380.xml
Daily Camera,Boulder County School News,http://delivery.digitalfirstmedia.com/ConvergencePublisher/?format=genericxml2spreed&uri=http://feeds.dailycamera.com/mngi/rss/CustomRssServlet/21/260381.xml
Daily Camera,Broomfield News,http://delivery.digitalfirstmedia.com/ConvergencePublisher/?format=genericxml2spreed&uri=http://feeds.dailycamera.com/mngi/rss/CustomRssServlet/21/260382.xml
Daily Camera,Lousiville,http://delivery.digitalfirstmedia.com/ConvergencePublisher/?format=genericxml2spreed&uri=http://feeds.dailycamera.com/mngi/rss/CustomRssServlet/21/260383.xml
Daily Camera,State & West News,http://delivery.digitalfirstmedia.com/ConvergencePublisher/?format=genericxml2spreed&uri=http://feeds.dailycamera.com/mngi/rss/CustomRssServlet/21/260384.xml
Daily Camera,Nation & World News,http://delivery.digitalfirstmedia.com/ConvergencePublisher/?format=genericxml2spreed&uri=http://feeds.dailycamera.com/mngi/rss/CustomRssServlet/21/260385.xml
Daily Camera,Science & Environment,http://delivery.digitalfirstmedia.com/ConvergencePublisher/?format=genericxml2spreed&uri=http://feeds.dailycamera.com/mngi/rss/CustomRssServlet/21/260386.xml
Daily Camera,Business - Top Stories,http://delivery.digitalfirstmedia.com/ConvergencePublisher/?format=genericxml2spreed&uri=http://feeds.dailycamera.com/mngi/rss/CustomRssServlet/21/260387.xml
Daily Camera,Business,http://delivery.digitalfirstmedia.com/ConvergencePublisher/?format=genericxml2spreed&uri=http://feeds.dailycamera.com/mngi/rss/CustomRssServlet/21/260388.xml
Daily Camera,Local Business,http://delivery.digitalfirstmedia.com/ConvergencePublisher/?format=genericxml2spreed&uri=http://feeds.dailycamera.com/mngi/rss/CustomRssServlet/21/260389.xml
Daily Camera,Columnists,http://delivery.digitalfirstmedia.com/ConvergencePublisher/?format=genericxml2spreed&uri=http://feeds.dailycamera.com/mngi/rss/CustomRssServlet/21/260390.xml
Daily Camera,National Business,http://delivery.digitalfirstmedia.com/ConvergencePublisher/?format=genericxml2spreed&uri=http://feeds.dailycamera.com/mngi/rss/CustomRssServlet/21/260391.xml
Daily Camera,Organic News,http://delivery.digitalfirstmedia.com/ConvergencePublisher/?format=genericxml2spreed&uri=http://feeds.dailycamera.com/mngi/rss/CustomRssServlet/21/260392.xml
Daily Camera,Business Data,http://delivery.digitalfirstmedia.com/ConvergencePublisher/?format=genericxml2spreed&uri=http://feeds.dailycamera.com/mngi/rss/CustomRssServlet/21/260393.xml
Daily Camera,Top Sports,http://delivery.digitalfirstmedia.com/ConvergencePublisher/?format=genericxml2spreed&uri=http://feeds.dailycamera.com/mngi/rss/CustomRssServlet/21/260394.xml
Daily Camera,Preps,http://delivery.digitalfirstmedia.com/ConvergencePublisher/?format=genericxml2spreed&uri=http://feeds.bocopreps.com/mngi/rss/CustomRssServlet/54/260395.xml
Daily Camera,CU & College Sports,http://delivery.digitalfirstmedia.com/ConvergencePublisher/?format=genericxml2spreed&uri=http://feeds.dailycamera.com/mngi/rss/CustomRssServlet/21/260396.xml
Daily Camera,Buffzone.com,http://delivery.digitalfirstmedia.com/ConvergencePublisher/?format=genericxml2spreed&uri=http://feeds.buffzone.com/mngi/rss/CustomRssServlet/29/260397.xml
Daily Camera,Pro Sports,http://delivery.digitalfirstmedia.com/ConvergencePublisher/?format=genericxml2spreed&uri=http://feeds.dailycamera.com/mngi/rss/CustomRssServlet/21/260398.xml
Daily Camera,Columnists,http://delivery.digitalfirstmedia.com/ConvergencePublisher/?format=genericxml2spreed&uri=http://feeds.dailycamera.com/mngi/rss/CustomRssServlet/21/260399.xml
Daily Camera,GetOut,http://delivery.digitalfirstmedia.com/ConvergencePublisher/?format=genericxml2spreed&uri=http://feeds.dailycamera.com/mngi/rss/CustomRssServlet/21/260400.xml
Daily Camera,Bonder Boulder,http://delivery.digitalfirstmedia.com/ConvergencePublisher/?format=genericxml2spreed&uri=http://feeds.dailycamera.com/mngi/rss/CustomRssServlet/21/260401.xml
Daily Camera,Other,http://delivery.digitalfirstmedia.com/ConvergencePublisher/?format=genericxml2spreed&uri=http://feeds.dailycamera.com/mngi/rss/CustomRssServlet/21/260402.xml
Daily Camera,Entertainment - Top Stories,http://delivery.digitalfirstmedia.com/ConvergencePublisher/?format=genericxml2spreed&uri=http://feeds.dailycamera.com/mngi/rss/CustomRssServlet/21/260403.xml
Daily Camera,Theater,http://delivery.digitalfirstmedia.com/ConvergencePublisher/?format=genericxml2spreed&uri=http://feeds.dailycamera.com/mngi/rss/CustomRssServlet/21/260404.xml
Daily Camera,Variety,http://delivery.digitalfirstmedia.com/ConvergencePublisher/?format=genericxml2spreed&uri=http://feeds.dailycamera.com/mngi/rss/CustomRssServlet/21/260405.xml
Daily Camera,Movies,http://delivery.digitalfirstmedia.com/ConvergencePublisher/?format=genericxml2spreed&uri=http://feeds.dailycamera.com/mngi/rss/CustomRssServlet/21/260406.xml
Daily Camera,Music,http://delivery.digitalfirstmedia.com/ConvergencePublisher/?format=genericxml2spreed&uri=http://feeds.dailycamera.com/mngi/rss/CustomRssServlet/21/260407.xml
Daily Camera,Books,http://delivery.digitalfirstmedia.com/ConvergencePublisher/?format=genericxml2spreed&uri=http://feeds.dailycamera.com/mngi/rss/CustomRssServlet/21/260408.xml
Daily Camera,Milestones,http://delivery.digitalfirstmedia.com/ConvergencePublisher/?format=genericxml2spreed&uri=http://feeds.dailycamera.com/mngi/rss/CustomRssServlet/21/260409.xml
Daily Camera,Lifestyle - Top Stories,http://delivery.digitalfirstmedia.com/ConvergencePublisher/?format=genericxml2spreed&uri=http://feeds.dailycamera.com/mngi/rss/CustomRssServlet/21/260410.xml
Daily Camera,Lifestyle,http://delivery.digitalfirstmedia.com/ConvergencePublisher/?format=genericxml2spreed&uri=http://feeds.dailycamera.com/mngi/rss/CustomRssServlet/21/260411.xml
Daily Camera,Food & Home Health,http://delivery.digitalfirstmedia.com/ConvergencePublisher/?format=genericxml2spreed&uri=http://feeds.dailycamera.com/mngi/rss/CustomRssServlet/21/260412.xml
Daily Camera,Health,http://delivery.digitalfirstmedia.com/ConvergencePublisher/?format=genericxml2spreed&uri=http://feeds.dailycamera.com/mngi/rss/CustomRssServlet/21/260413.xml
Daily Camera,Recreation,http://delivery.digitalfirstmedia.com/ConvergencePublisher/?format=genericxml2spreed&uri=http://feeds.dailycamera.com/mngi/rss/CustomRssServlet/21/260414.xml
Daily Camera,Opinion - Top Stories,http://delivery.digitalfirstmedia.com/ConvergencePublisher/?format=genericxml2spreed&uri=http://feeds.dailycamera.com/mngi/rss/CustomRssServlet/21/260415.xml
Daily Camera,Editorials,http://delivery.digitalfirstmedia.com/ConvergencePublisher/?format=genericxml2spreed&uri=http://feeds.dailycamera.com/mngi/rss/CustomRssServlet/21/260416.xml
Daily Camera,Letters,http://delivery.digitalfirstmedia.com/ConvergencePublisher/?format=genericxml2spreed&uri=http://feeds.dailycamera.com/mngi/rss/CustomRssServlet/21/260417.xml
Daily Camera,Guest Op,http://delivery.digitalfirstmedia.com/ConvergencePublisher/?format=genericxml2spreed&uri=http://feeds.dailycamera.com/mngi/rss/CustomRssServlet/21/260418.xml
Daily Camera,VEB,http://delivery.digitalfirstmedia.com/ConvergencePublisher/?format=genericxml2spreed&uri=http://feeds.dailycamera.com/mngi/rss/CustomRssServlet/21/260419.xml
Daily Camera,Columnists,http://delivery.digitalfirstmedia.com/ConvergencePublisher/?format=genericxml2spreed&uri=http://feeds.dailycamera.com/mngi/rss/CustomRssServlet/21/260420.xml
Loveland Reporter Herald,Breaking News,http://delivery.digitalfirstmedia.com/ConvergencePublisher/?format=genericxml2spreed&uri=http://feeds.reporterherald.com/mngi/rss/CustomRssServlet/47/260798.xml
Loveland Reporter Herald,Top Stories,http://delivery.digitalfirstmedia.com/ConvergencePublisher/?format=genericxml2spreed&uri=http://feeds.reporterherald.com/mngi/rss/CustomRssServlet/47/260799.xml
Loveland Reporter Herald,Loveland News,http://delivery.digitalfirstmedia.com/ConvergencePublisher/?format=genericxml2spreed&uri=http://feeds.reporterherald.com/mngi/rss/CustomRssServlet/47/260800.xml
Loveland Reporter Herald,Larimer Country,http://delivery.digitalfirstmedia.com/ConvergencePublisher/?format=genericxml2spreed&uri=http://feeds.reporterherald.com/mngi/rss/CustomRssServlet/47/260801.xml
Loveland Reporter Herald,Education News,http://delivery.digitalfirstmedia.com/ConvergencePublisher/?format=genericxml2spreed&uri=http://feeds.reporterherald.com/mngi/rss/CustomRssServlet/47/260802.xml
Loveland Reporter Herald,Business: Top Stories,http://delivery.digitalfirstmedia.com/ConvergencePublisher/?format=genericxml2spreed&uri=http://feeds.reporterherald.com/mngi/rss/CustomRssServlet/47/260803.xml
Loveland Reporter Herald,Business: People,http://delivery.digitalfirstmedia.com/ConvergencePublisher/?format=genericxml2spreed&uri=http://feeds.reporterherald.com/mngi/rss/CustomRssServlet/47/260804.xml
Loveland Reporter Herald,Editorial,http://delivery.digitalfirstmedia.com/ConvergencePublisher/?format=genericxml2spreed&uri=http://feeds.reporterherald.com/mngi/rss/CustomRssServlet/47/260805.xml
Loveland Reporter Herald,Columns & Letters,http://delivery.digitalfirstmedia.com/ConvergencePublisher/?format=genericxml2spreed&uri=http://feeds.reporterherald.com/mngi/rss/CustomRssServlet/47/260806.xml
Loveland Reporter Herald,Eagles Hockey,http://delivery.digitalfirstmedia.com/ConvergencePublisher/?format=genericxml2spreed&uri=http://feeds.reporterherald.com/mngi/rss/CustomRssServlet/47/260807.xml
Loveland Reporter Herald,Preps,http://delivery.digitalfirstmedia.com/ConvergencePublisher/?format=genericxml2spreed&uri=http://feeds.reporterherald.com/mngi/rss/CustomRssServlet/47/260808.xml
Loveland Reporter Herald,CSU,http://delivery.digitalfirstmedia.com/ConvergencePublisher/?format=genericxml2spreed&uri=http://feeds.reporterherald.com/mngi/rss/CustomRssServlet/47/260809.xml
Loveland Reporter Herald,Recreation,http://delivery.digitalfirstmedia.com/ConvergencePublisher/?format=genericxml2spreed&uri=http://feeds.reporterherald.com/mngi/rss/CustomRssServlet/47/260810.xml
Loveland Reporter Herald,Art,http://delivery.digitalfirstmedia.com/ConvergencePublisher/?format=genericxml2spreed&uri=http://feeds.reporterherald.com/mngi/rss/CustomRssServlet/47/260811.xml
Loveland Reporter Herald,Flavors,http://delivery.digitalfirstmedia.com/ConvergencePublisher/?format=genericxml2spreed&uri=http://feeds.reporterherald.com/mngi/rss/CustomRssServlet/47/260812.xml
Loveland Reporter Herald,Health,http://delivery.digitalfirstmedia.com/ConvergencePublisher/?format=genericxml2spreed&uri=http://feeds.reporterherald.com/mngi/rss/CustomRssServlet/47/260813.xml
Loveland Reporter Herald,Neighbors,http://delivery.digitalfirstmedia.com/ConvergencePublisher/?format=genericxml2spreed&uri=http://feeds.reporterherald.com/mngi/rss/CustomRssServlet/47/260814.xml
Loveland Reporter Herald,Milestones,http://delivery.digitalfirstmedia.com/ConvergencePublisher/?format=genericxml2spreed&uri=http://feeds.reporterherald.com/mngi/rss/CustomRssServlet/47/260815.xml
Loveland Reporter Herald,Obituaries,http://delivery.digitalfirstmedia.com/ConvergencePublisher/?format=genericxml2spreed&uri=http://feeds.reporterherald.com/mngi/rss/CustomRssServlet/47/260816.xml
Longmont Times-Call,Breaking News,http://delivery.digitalfirstmedia.com/ConvergencePublisher/?format=genericxml2spreed&uri=http://feeds.timescall.com/mngi/rss/CustomRssServlet/46/260817.xml
Longmont Times-Call,Local News,http://delivery.digitalfirstmedia.com/ConvergencePublisher/?format=genericxml2spreed&uri=http://feeds.timescall.com/mngi/rss/CustomRssServlet/46/260818.xml
Longmont Times-Call,Schools,http://delivery.digitalfirstmedia.com/ConvergencePublisher/?format=genericxml2spreed&uri=http://feeds.timescall.com/mngi/rss/CustomRssServlet/46/260819.xml
Longmont Times-Call,Business,http://delivery.digitalfirstmedia.com/ConvergencePublisher/?format=genericxml2spreed&uri=http://feeds.timescall.com/mngi/rss/CustomRssServlet/46/260820.xml
Longmont Times-Call,Carbon Valley,http://delivery.digitalfirstmedia.com/ConvergencePublisher/?format=genericxml2spreed&uri=http://feeds.timescall.com/mngi/rss/CustomRssServlet/46/260821.xml
Longmont Times-Call,Entertainment,http://delivery.digitalfirstmedia.com/ConvergencePublisher/?format=genericxml2spreed&uri=http://feeds.timescall.com/mngi/rss/CustomRssServlet/46/260822.xml
Longmont Times-Call,Faith,http://delivery.digitalfirstmedia.com/ConvergencePublisher/?format=genericxml2spreed&uri=http://feeds.timescall.com/mngi/rss/CustomRssServlet/46/260823.xml
Longmont Times-Call,Food,http://delivery.digitalfirstmedia.com/ConvergencePublisher/?format=genericxml2spreed&uri=http://feeds.timescall.com/mngi/rss/CustomRssServlet/46/260824.xml
Longmont Times-Call,Health,http://delivery.digitalfirstmedia.com/ConvergencePublisher/?format=genericxml2spreed&uri=http://feeds.timescall.com/mngi/rss/CustomRssServlet/46/260825.xml
Longmont Times-Call,Sports,http://delivery.digitalfirstmedia.com/ConvergencePublisher/?format=genericxml2spreed&uri=http://feeds.timescall.com/mngi/rss/CustomRssServlet/46/260826.xml
Longmont Times-Call,Prep Sports,http://delivery.digitalfirstmedia.com/ConvergencePublisher/?format=genericxml2spreed&uri=http://feeds.bocopreps.com/mngi/rss/CustomRssServlet/54/260827.xml
Longmont Times-Call,College Sports,http://delivery.digitalfirstmedia.com/ConvergencePublisher/?format=genericxml2spreed&uri=http://feeds.timescall.com/mngi/rss/CustomRssServlet/46/260828.xml
Longmont Times-Call,Pro Sports,http://delivery.digitalfirstmedia.com/ConvergencePublisher/?format=genericxml2spreed&uri=http://feeds.timescall.com/mngi/rss/CustomRssServlet/46/260829.xml
Longmont Times-Call,Births,http://delivery.digitalfirstmedia.com/ConvergencePublisher/?format=genericxml2spreed&uri=http://feeds.timescall.com/mngi/rss/CustomRssServlet/46/260830.xml
Longmont Times-Call,Weddings,http://delivery.digitalfirstmedia.com/ConvergencePublisher/?format=genericxml2spreed&uri=http://feeds.timescall.com/mngi/rss/CustomRssServlet/46/260831.xml
Longmont Times-Call,Anniversaries,http://delivery.digitalfirstmedia.com/ConvergencePublisher/?format=genericxml2spreed&uri=http://feeds.timescall.com/mngi/rss/CustomRssServlet/46/260832.xml
Longmont Times-Call,Obituaries,http://delivery.digitalfirstmedia.com/ConvergencePublisher/?format=genericxml2spreed&uri=http://feeds.timescall.com/mngi/rss/CustomRssServlet/46/260833.xml
Longmont Times-Call,Opinion,http://delivery.digitalfirstmedia.com/ConvergencePublisher/?format=genericxml2spreed&uri=http://feeds.timescall.com/mngi/rss/CustomRssServlet/46/260834.xml
Longmont Times-Call,J. St. Vrain,http://delivery.digitalfirstmedia.com/ConvergencePublisher/?format=genericxml2spreed&uri=http://feeds.timescall.com/mngi/rss/CustomRssServlet/46/260835.xml
Longmont Times-Call,Gamer,http://delivery.digitalfirstmedia.com/ConvergencePublisher/?format=genericxml2spreed&uri=http://feeds.timescall.com/mngi/rss/CustomRssServlet/46/260836.xml
Longmont Times-Call,From My Deck,http://delivery.digitalfirstmedia.com/ConvergencePublisher/?format=genericxml2spreed&uri=http://feeds.timescall.com/mngi/rss/CustomRssServlet/46/260837.xml
Longmont Times-Call,How's Business,http://delivery.digitalfirstmedia.com/ConvergencePublisher/?format=genericxml2spreed&uri=http://feeds.timescall.com/mngi/rss/CustomRssServlet/46/260838.xml
Longmont Times-Call,Community News,http://delivery.digitalfirstmedia.com/ConvergencePublisher/?format=genericxml2spreed&uri=http://feeds.timescall.com/mngi/rss/CustomRssServlet/46/260839.xml
Longmont Times-Call,Non-Profit,http://delivery.digitalfirstmedia.com/ConvergencePublisher/?format=genericxml2spreed&uri=http://feeds.timescall.com/mngi/rss/CustomRssServlet/46/260840.xml
Longmont Times-Call,Arts & Entertainment,http://delivery.digitalfirstmedia.com/ConvergencePublisher/?format=genericxml2spreed&uri=http://feeds.timescall.com/mngi/rss/CustomRssServlet/46/260841.xml
Cañon City Daily Record,Breaking News,http://delivery.digitalfirstmedia.com/ConvergencePublisher/?format=genericxml2spreed&uri=http://feeds.canoncitydailyrecord.com/mngi/rss/CustomRssServlet/49/260871.xml
Cañon City Daily Record,Cañon City News,http://delivery.digitalfirstmedia.com/ConvergencePublisher/?format=genericxml2spreed&uri=http://feeds.canoncitydailyrecord.com/mngi/rss/CustomRssServlet/49/260872.xml
Cañon City Daily Record,Florence,http://delivery.digitalfirstmedia.com/ConvergencePublisher/?format=genericxml2spreed&uri=http://feeds.canoncitydailyrecord.com/mngi/rss/CustomRssServlet/49/260873.xml
Cañon City Daily Record,Top Stories,http://delivery.digitalfirstmedia.com/ConvergencePublisher/?format=genericxml2spreed&uri=http://feeds.canoncitydailyrecord.com/mngi/rss/CustomRssServlet/49/260874.xml
Cañon City Daily Record,Cañon News,http://delivery.digitalfirstmedia.com/ConvergencePublisher/?format=genericxml2spreed&uri=http://feeds.canoncitydailyrecord.com/mngi/rss/CustomRssServlet/49/260875.xml
Cañon City Daily Record,Education,http://delivery.digitalfirstmedia.com/ConvergencePublisher/?format=genericxml2spreed&uri=http://feeds.canoncitydailyrecord.com/mngi/rss/CustomRssServlet/49/260876.xml
Cañon City Daily Record,Over the River,http://delivery.digitalfirstmedia.com/ConvergencePublisher/?format=genericxml2spreed&uri=http://feeds.canoncitydailyrecord.com/mngi/rss/CustomRssServlet/49/260877.xml
Cañon City Daily Record,Business: Top Stories,http://delivery.digitalfirstmedia.com/ConvergencePublisher/?format=genericxml2spreed&uri=http://feeds.canoncitydailyrecord.com/mngi/rss/CustomRssServlet/49/260878.xml
Cañon City Daily Record,Sports: Top Stories,http://delivery.digitalfirstmedia.com/ConvergencePublisher/?format=genericxml2spreed&uri=http://feeds.canoncitydailyrecord.com/mngi/rss/CustomRssServlet/49/260879.xml
Cañon City Daily Record,Preps,http://delivery.digitalfirstmedia.com/ConvergencePublisher/?format=genericxml2spreed&uri=http://feeds.canoncitydailyrecord.com/mngi/rss/CustomRssServlet/49/260880.xml
Cañon City Daily Record,What's in the Hopper,http://delivery.digitalfirstmedia.com/ConvergencePublisher/?format=genericxml2spreed&uri=http://feeds.canoncitydailyrecord.com/mngi/rss/CustomRssServlet/49/260881.xml
Cañon City Daily Record,Features: Back in Time,http://delivery.digitalfirstmedia.com/ConvergencePublisher/?format=genericxml2spreed&uri=http://feeds.canoncitydailyrecord.com/mngi/rss/CustomRssServlet/49/260882.xml
Cañon City Daily Record,Features: Spirituality,http://delivery.digitalfirstmedia.com/ConvergencePublisher/?format=genericxml2spreed&uri=http://feeds.canoncitydailyrecord.com/mngi/rss/CustomRssServlet/49/260883.xml
Cañon City Daily Record,Editorial,http://delivery.digitalfirstmedia.com/ConvergencePublisher/?format=genericxml2spreed&uri=http://feeds.canoncitydailyrecord.com/mngi/rss/CustomRssServlet/49/260884.xml
Cañon City Daily Record,Guest Columns,http://delivery.digitalfirstmedia.com/ConvergencePublisher/?format=genericxml2spreed&uri=http://feeds.canoncitydailyrecord.com/mngi/rss/CustomRssServlet/49/260885.xml
Cañon City Daily Record,Letters,http://delivery.digitalfirstmedia.com/ConvergencePublisher/?format=genericxml2spreed&uri=http://feeds.canoncitydailyrecord.com/mngi/rss/CustomRssServlet/49/260886.xml
Cañon City Daily Record,Obituaries,http://delivery.digitalfirstmedia.com/ConvergencePublisher/?format=genericxml2spreed&uri=http://feeds.canoncitydailyrecord.com/mngi/rss/CustomRssServlet/49/260887.xml
Cañon City Daily Record,Anniversaries,http://delivery.digitalfirstmedia.com/ConvergencePublisher/?format=genericxml2spreed&uri=http://feeds.canoncitydailyrecord.com/mngi/rss/CustomRssServlet/49/260888.xml
Cañon City Daily Record,Engagements,http://delivery.digitalfirstmedia.com/ConvergencePublisher/?format=genericxml2spreed&uri=http://feeds.canoncitydailyrecord.com/mngi/rss/CustomRssServlet/49/260889.xml
Cañon City Daily Record,Weddings,http://delivery.digitalfirstmedia.com/ConvergencePublisher/?format=genericxml2spreed&uri=http://feeds.canoncitydailyrecord.com/mngi/rss/CustomRssServlet/49/260890.xml
Fort Morgan Times,Breaking News,http://delivery.digitalfirstmedia.com/ConvergencePublisher/?format=genericxml2spreed&uri=http://feeds.fortmorgantimes.com/mngi/rss/CustomRssServlet/32/260891.xml
Fort Morgan Times,Top Story,http://delivery.digitalfirstmedia.com/ConvergencePublisher/?format=genericxml2spreed&uri=http://feeds.fortmorgantimes.com/mngi/rss/CustomRssServlet/32/260892.xml
Fort Morgan Times,Local,http://delivery.digitalfirstmedia.com/ConvergencePublisher/?format=genericxml2spreed&uri=http://feeds.fortmorgantimes.com/mngi/rss/CustomRssServlet/32/260893.xml
Fort Morgan Times,Schools,http://delivery.digitalfirstmedia.com/ConvergencePublisher/?format=genericxml2spreed&uri=http://feeds.fortmorgantimes.com/mngi/rss/CustomRssServlet/32/260894.xml
Fort Morgan Times,Community,http://delivery.digitalfirstmedia.com/ConvergencePublisher/?format=genericxml2spreed&uri=http://feeds.fortmorgantimes.com/mngi/rss/CustomRssServlet/32/260895.xml
Fort Morgan Times,Police,http://delivery.digitalfirstmedia.com/ConvergencePublisher/?format=genericxml2spreed&uri=http://feeds.fortmorgantimes.com/mngi/rss/CustomRssServlet/32/260896.xml
Fort Morgan Times,Col. Morgan,http://delivery.digitalfirstmedia.com/ConvergencePublisher/?format=genericxml2spreed&uri=http://feeds.fortmorgantimes.com/mngi/rss/CustomRssServlet/32/260897.xml
Fort Morgan Times,Business,http://delivery.digitalfirstmedia.com/ConvergencePublisher/?format=genericxml2spreed&uri=http://feeds.fortmorgantimes.com/mngi/rss/CustomRssServlet/32/260898.xml
Fort Morgan Times,Agriculture,http://delivery.digitalfirstmedia.com/ConvergencePublisher/?format=genericxml2spreed&uri=http://feeds.fortmorgantimes.com/mngi/rss/CustomRssServlet/32/260899.xml
Fort Morgan Times,Sports,http://delivery.digitalfirstmedia.com/ConvergencePublisher/?format=genericxml2spreed&uri=http://feeds.fortmorgantimes.com/mngi/rss/CustomRssServlet/32/260900.xml
Fort Morgan Times,Entertainment,http://delivery.digitalfirstmedia.com/ConvergencePublisher/?format=genericxml2spreed&uri=http://feeds.fortmorgantimes.com/mngi/rss/CustomRssServlet/32/260901.xml
Fort Morgan Times,Obituaries,http://delivery.digitalfirstmedia.com/ConvergencePublisher/?format=genericxml2spreed&uri=http://feeds.fortmorgantimes.com/mngi/rss/CustomRssServlet/32/260902.xml
Fort Morgan Times,Weddings,http://delivery.digitalfirstmedia.com/ConvergencePublisher/?format=genericxml2spreed&uri=http://feeds.fortmorgantimes.com/mngi/rss/CustomRssServlet/32/260903.xml
Fort Morgan Times,Engagements,http://delivery.digitalfirstmedia.com/ConvergencePublisher/?format=genericxml2spreed&uri=http://feeds.fortmorgantimes.com/mngi/rss/CustomRssServlet/32/260904.xml
Fort Morgan Times,Births,http://delivery.digitalfirstmedia.com/ConvergencePublisher/?format=genericxml2spreed&uri=http://feeds.fortmorgantimes.com/mngi/rss/CustomRssServlet/32/260905.xml
Fort Morgan Times,Birthdays,http://delivery.digitalfirstmedia.com/ConvergencePublisher/?format=genericxml2spreed&uri=http://feeds.fortmorgantimes.com/mngi/rss/CustomRssServlet/32/260906.xml
Fort Morgan Times,Anniversaries,http://delivery.digitalfirstmedia.com/ConvergencePublisher/?format=genericxml2spreed&uri=http://feeds.fortmorgantimes.com/mngi/rss/CustomRssServlet/32/260907.xml
Fort Morgan Times,Columnist,http://delivery.digitalfirstmedia.com/ConvergencePublisher/?format=genericxml2spreed&uri=http://feeds.fortmorgantimes.com/mngi/rss/CustomRssServlet/32/260908.xml
Fort Morgan Times,Letters,http://delivery.digitalfirstmedia.com/ConvergencePublisher/?format=genericxml2spreed&uri=http://feeds.fortmorgantimes.com/mngi/rss/CustomRssServlet/32/260909.xml
Fort Morgan Times,Editorials,http://delivery.digitalfirstmedia.com/ConvergencePublisher/?format=genericxml2spreed&uri=http://feeds.fortmorgantimes.com/mngi/rss/CustomRssServlet/32/260910.xml
Journal Advocate,Breaking News,http://delivery.digitalfirstmedia.com/ConvergencePublisher/?format=genericxml2spreed&uri=http://feeds.journal-advocate.com/mngi/rss/CustomRssServlet/19/260911.xml
Journal Advocate,Top Story,http://delivery.digitalfirstmedia.com/ConvergencePublisher/?format=genericxml2spreed&uri=http://feeds.journal-advocate.com/mngi/rss/CustomRssServlet/19/260912.xml
Journal Advocate,Local News,http://delivery.digitalfirstmedia.com/ConvergencePublisher/?format=genericxml2spreed&uri=http://feeds.journal-advocate.com/mngi/rss/CustomRssServlet/19/260913.xml
Journal Advocate,Community News,http://delivery.digitalfirstmedia.com/ConvergencePublisher/?format=genericxml2spreed&uri=http://feeds.journal-advocate.com/mngi/rss/CustomRssServlet/19/260914.xml
Journal Advocate,Religion,http://delivery.digitalfirstmedia.com/ConvergencePublisher/?format=genericxml2spreed&uri=http://feeds.journal-advocate.com/mngi/rss/CustomRssServlet/19/260915.xml
Journal Advocate,Agriculture,http://delivery.digitalfirstmedia.com/ConvergencePublisher/?format=genericxml2spreed&uri=http://feeds.journal-advocate.com/mngi/rss/CustomRssServlet/19/260916.xml
Journal Advocate,Student News,http://delivery.digitalfirstmedia.com/ConvergencePublisher/?format=genericxml2spreed&uri=http://feeds.journal-advocate.com/mngi/rss/CustomRssServlet/19/260917.xml
Journal Advocate,Business,http://delivery.digitalfirstmedia.com/ConvergencePublisher/?format=genericxml2spreed&uri=http://feeds.journal-advocate.com/mngi/rss/CustomRssServlet/19/260918.xml
Journal Advocate,Public Records,http://delivery.digitalfirstmedia.com/ConvergencePublisher/?format=genericxml2spreed&uri=http://feeds.journal-advocate.com/mngi/rss/CustomRssServlet/19/260919.xml
Journal Advocate,Sports,http://delivery.digitalfirstmedia.com/ConvergencePublisher/?format=genericxml2spreed&uri=http://feeds.journal-advocate.com/mngi/rss/CustomRssServlet/19/260920.xml
Journal Advocate,Entertainment,http://delivery.digitalfirstmedia.com/ConvergencePublisher/?format=genericxml2spreed&uri=http://feeds.journal-advocate.com/mngi/rss/CustomRssServlet/19/260921.xml
Journal Advocate,Obituaries,http://delivery.digitalfirstmedia.com/ConvergencePublisher/?format=genericxml2spreed&uri=http://feeds.journal-advocate.com/mngi/rss/CustomRssServlet/19/260922.xml
Journal Advocate,Weddings,http://delivery.digitalfirstmedia.com/ConvergencePublisher/?format=genericxml2spreed&uri=http://feeds.journal-advocate.com/mngi/rss/CustomRssServlet/19/260923.xml
Journal Advocate,Engagements,http://delivery.digitalfirstmedia.com/ConvergencePublisher/?format=genericxml2spreed&uri=http://feeds.journal-advocate.com/mngi/rss/CustomRssServlet/19/260924.xml
Journal Advocate,Births,http://delivery.digitalfirstmedia.com/ConvergencePublisher/?format=genericxml2spreed&uri=http://feeds.journal-advocate.com/mngi/rss/CustomRssServlet/19/260925.xml
Journal Advocate,Anniversaries,http://delivery.digitalfirstmedia.com/ConvergencePublisher/?format=genericxml2spreed&uri=http://feeds.journal-advocate.com/mngi/rss/CustomRssServlet/19/260926.xml
Journal Advocate,Editorial Cartoons,http://delivery.digitalfirstmedia.com/ConvergencePublisher/?format=genericxml2spreed&uri=http://feeds.journal-advocate.com/mngi/rss/CustomRssServlet/19/260927.xml
Journal Advocate,Columnists General,http://delivery.digitalfirstmedia.com/ConvergencePublisher/?format=genericxml2spreed&uri=http://feeds.journal-advocate.com/mngi/rss/CustomRssServlet/19/260928.xml
Journal Advocate,Letters to the Editor,http://delivery.digitalfirstmedia.com/ConvergencePublisher/?format=genericxml2spreed&uri=http://feeds.journal-advocate.com/mngi/rss/CustomRssServlet/19/260929.xml
Journal Advocate,Editorials,http://delivery.digitalfirstmedia.com/ConvergencePublisher/?format=genericxml2spreed&uri=http://feeds.journal-advocate.com/mngi/rss/CustomRssServlet/19/260930.xml
Journal Advocate,Food,http://delivery.digitalfirstmedia.com/ConvergencePublisher/?format=genericxml2spreed&uri=http://feeds.journal-advocate.com/mngi/rss/CustomRssServlet/19/260931.xml
Journal Advocate,Columnists,http://delivery.digitalfirstmedia.com/ConvergencePublisher/?format=genericxml2spreed&uri=http://feeds.journal-advocate.com/mngi/rss/CustomRssServlet/19/260932.xml
,,
,,
,,
,,
,,
,,
,,
,,
,,
,,
,,
,,
,,
,,
,,
,,
,,
,,
,,
,,
,,
,,
,,
,,
,,
,,
,,
,,
,,
,,
,,
,,
,,
,,
,,
,,
,,