St. Paul Pioneer Press,Top Stories Mobile,http://delivery.digitalfirstmedia.com/ConvergencePublisher/?format=genericxml2spreed&uri=http://feeds.twincities.com/mngi/rss/CustomRssServlet/569/264700.xml
St. Paul Pioneer Press,Business Mobile,http://delivery.digitalfirstmedia.com/ConvergencePublisher/?format=genericxml2spreed&uri=http://feeds.twincities.com/mngi/rss/CustomRssServlet/569/264701.xml
St. Paul Pioneer Press,St Paul Staff Columnists Mobile,http://delivery.digitalfirstmedia.com/ConvergencePublisher/?format=genericxml2spreed&uri=http://feeds.twincities.com/mngi/rss/CustomRssServlet/569/264702.xml
St. Paul Pioneer Press,St Paul Life & Ent Mobile,http://delivery.digitalfirstmedia.com/ConvergencePublisher/?format=genericxml2spreed&uri=http://feeds.twincities.com/mngi/rss/CustomRssServlet/569/264703.xml
St. Paul Pioneer Press,St Paul Movies Mobile,http://delivery.digitalfirstmedia.com/ConvergencePublisher/?format=genericxml2spreed&uri=http://feeds.twincities.com/mngi/rss/CustomRssServlet/569/264704.xml
St. Paul Pioneer Press,St Paul Shopping Mobile,http://delivery.digitalfirstmedia.com/ConvergencePublisher/?format=genericxml2spreed&uri=http://feeds.twincities.com/mngi/rss/CustomRssServlet/569/264705.xml
St. Paul Pioneer Press,St Paul Editorials Mobile,http://delivery.digitalfirstmedia.com/ConvergencePublisher/?format=genericxml2spreed&uri=http://feeds.twincities.com/mngi/rss/CustomRssServlet/569/264706.xml
St. Paul Pioneer Press,Most recent,http://delivery.digitalfirstmedia.com/ConvergencePublisher/?format=genericxml2spreed&uri=http://feeds.twincities.com/mngi/rss/CustomRssServlet/569/264707.xml
St. Paul Pioneer Press,Local news,http://delivery.digitalfirstmedia.com/ConvergencePublisher/?format=genericxml2spreed&uri=http://feeds.twincities.com/mngi/rss/CustomRssServlet/569/264708.xml
St. Paul Pioneer Press,Politics,http://delivery.digitalfirstmedia.com/ConvergencePublisher/?format=genericxml2spreed&uri=http://feeds.twincities.com/mngi/rss/CustomRssServlet/569/264709.xml
St. Paul Pioneer Press,Nation/World,http://delivery.digitalfirstmedia.com/ConvergencePublisher/?format=genericxml2spreed&uri=http://feeds.twincities.com/mngi/rss/CustomRssServlet/569/264710.xml
St. Paul Pioneer Press,Sports,http://delivery.digitalfirstmedia.com/ConvergencePublisher/?format=genericxml2spreed&uri=http://feeds.twincities.com/mngi/rss/CustomRssServlet/569/264711.xml
St. Paul Pioneer Press,Vikings,http://delivery.digitalfirstmedia.com/ConvergencePublisher/?format=genericxml2spreed&uri=http://feeds.twincities.com/mngi/rss/CustomRssServlet/569/264712.xml
St. Paul Pioneer Press,Twins,http://delivery.digitalfirstmedia.com/ConvergencePublisher/?format=genericxml2spreed&uri=http://feeds.twincities.com/mngi/rss/CustomRssServlet/569/264713.xml
St. Paul Pioneer Press,Wild,http://delivery.digitalfirstmedia.com/ConvergencePublisher/?format=genericxml2spreed&uri=http://feeds.twincities.com/mngi/rss/CustomRssServlet/569/264714.xml
St. Paul Pioneer Press,Timberwolves/Lynx,http://delivery.digitalfirstmedia.com/ConvergencePublisher/?format=genericxml2spreed&uri=http://feeds.twincities.com/mngi/rss/CustomRssServlet/569/264715.xml
St. Paul Pioneer Press,Gophers,http://delivery.digitalfirstmedia.com/ConvergencePublisher/?format=genericxml2spreed&uri=http://feeds.twincities.com/mngi/rss/CustomRssServlet/569/264716.xml
St. Paul Pioneer Press,Preps,http://delivery.digitalfirstmedia.com/ConvergencePublisher/?format=genericxml2spreed&uri=http://feeds.twincities.com/mngi/rss/CustomRssServlet/569/264717.xml
St. Paul Pioneer Press,Outdoors,http://delivery.digitalfirstmedia.com/ConvergencePublisher/?format=genericxml2spreed&uri=http://feeds.twincities.com/mngi/rss/CustomRssServlet/569/264718.xml
St. Paul Pioneer Press,Eat,http://delivery.digitalfirstmedia.com/ConvergencePublisher/?format=genericxml2spreed&uri=http://feeds.twincities.com/mngi/rss/CustomRssServlet/569/264719.xml
St. Paul Pioneer Press,Letters,http://delivery.digitalfirstmedia.com/ConvergencePublisher/?format=genericxml2spreed&uri=http://feeds.twincities.com/mngi/rss/CustomRssServlet/569/264720.xml
St. Paul Pioneer Press,Sainted/Tainted,http://delivery.digitalfirstmedia.com/ConvergencePublisher/?format=genericxml2spreed&uri=http://feeds.twincities.com/mngi/rss/CustomRssServlet/569/264721.xml
St. Paul Pioneer Press,Bulletin Board,http://delivery.digitalfirstmedia.com/ConvergencePublisher/?format=genericxml2spreed&uri=http://feeds.twincities.com/mngi/rss/CustomRssServlet/569/264722.xml