El Paso Times,Breaking News,http://delivery.digitalfirstmedia.com/ConvergencePublisher/?format=genericxml2spreed&uri=http://feeds.elpasotimes.com/mngi/rss/CustomRssServlet/525/260361.xml
El Paso Times,Top Stories,http://delivery.digitalfirstmedia.com/ConvergencePublisher/?format=genericxml2spreed&uri=http://feeds.elpasotimes.com/mngi/rss/CustomRssServlet/525/260362.xml
El Paso Times,Local News,http://delivery.digitalfirstmedia.com/ConvergencePublisher/?format=genericxml2spreed&uri=http://feeds.elpasotimes.com/mngi/rss/CustomRssServlet/525/260363.xml
El Paso Times,Business,http://delivery.digitalfirstmedia.com/ConvergencePublisher/?format=genericxml2spreed&uri=http://feeds.elpasotimes.com/mngi/rss/CustomRssServlet/525/260364.xml
El Paso Times,Sports,http://delivery.digitalfirstmedia.com/ConvergencePublisher/?format=genericxml2spreed&uri=http://feeds.elpasotimes.com/mngi/rss/CustomRssServlet/525/260365.xml
El Paso Times,Living Times,http://delivery.digitalfirstmedia.com/ConvergencePublisher/?format=genericxml2spreed&uri=http://feeds.elpasotimes.com/mngi/rss/CustomRssServlet/525/260366.xml
El Paso Times,Entertainment,http://delivery.digitalfirstmedia.com/ConvergencePublisher/?format=genericxml2spreed&uri=http://feeds.elpasotimes.com/mngi/rss/CustomRssServlet/525/260367.xml
El Paso Times,Restaurants and Dining,http://delivery.digitalfirstmedia.com/ConvergencePublisher/?format=genericxml2spreed&uri=http://feeds.elpasotimes.com/mngi/rss/CustomRssServlet/525/260368.xml
El Paso Times,Opinion,http://delivery.digitalfirstmedia.com/ConvergencePublisher/?format=genericxml2spreed&uri=http://feeds.elpasotimes.com/mngi/rss/CustomRssServlet/525/260369.xml
El Paso Times,Your Neighborhood,http://delivery.digitalfirstmedia.com/ConvergencePublisher/?format=genericxml2spreed&uri=http://feeds.elpasotimes.com/mngi/rss/CustomRssServlet/525/260370.xml
El Paso Times,UTEP,http://delivery.digitalfirstmedia.com/ConvergencePublisher/?format=genericxml2spreed&uri=http://feeds.elpasotimes.com/mngi/rss/CustomRssServlet/525/260371.xml
El Paso Times,Politics,http://delivery.digitalfirstmedia.com/ConvergencePublisher/?format=genericxml2spreed&uri=http://feeds.elpasotimes.com/mngi/rss/CustomRssServlet/525/260372.xml
El Paso Times,Military,http://delivery.digitalfirstmedia.com/ConvergencePublisher/?format=genericxml2spreed&uri=http://feeds.elpasotimes.com/mngi/rss/CustomRssServlet/525/260373.xml
El Paso Times,iPad (Featured),http://delivery.digitalfirstmedia.com/ConvergencePublisher/?format=genericxml2spreed&uri=http://feeds.elpasotimes.com/mngi/rss/CustomRssServlet/525/260374.xml
Las Cruces Sun News,Latest News,http://delivery.digitalfirstmedia.com/ConvergencePublisher/?format=genericxml2spreed&uri=http://feeds.lcsun-news.com/mngi/rss/CustomRssServlet/557/260533.xml
Las Cruces Sun News,Local News,http://delivery.digitalfirstmedia.com/ConvergencePublisher/?format=genericxml2spreed&uri=http://feeds.lcsun-news.com/mngi/rss/CustomRssServlet/557/260534.xml
Las Cruces Sun News,Editor's Pick,http://delivery.digitalfirstmedia.com/ConvergencePublisher/?format=genericxml2spreed&uri=http://feeds.lcsun-news.com/mngi/rss/CustomRssServlet/557/262201.xml
Las Cruces Sun News,New Mexico News,http://delivery.digitalfirstmedia.com/ConvergencePublisher/?format=genericxml2spreed&uri=http://feeds.lcsun-news.com/mngi/rss/CustomRssServlet/557/260535.xml
Las Cruces Sun News,Nation/World News,http://delivery.digitalfirstmedia.com/ConvergencePublisher/?format=genericxml2spreed&uri=http://feeds.lcsun-news.com/mngi/rss/CustomRssServlet/557/260536.xml
Las Cruces Sun News,My Las Cruces,http://delivery.digitalfirstmedia.com/ConvergencePublisher/?format=genericxml2spreed&uri=http://feeds.lcsun-news.com/mngi/rss/CustomRssServlet/557/260537.xml
Las Cruces Sun News,Education,http://delivery.digitalfirstmedia.com/ConvergencePublisher/?format=genericxml2spreed&uri=http://feeds.lcsun-news.com/mngi/rss/CustomRssServlet/557/260538.xml
Las Cruces Sun News,Around the Community,http://delivery.digitalfirstmedia.com/ConvergencePublisher/?format=genericxml2spreed&uri=http://feeds.lcsun-news.com/mngi/rss/CustomRssServlet/557/260539.xml
Las Cruces Sun News,Las Cruces Sports,http://delivery.digitalfirstmedia.com/ConvergencePublisher/?format=genericxml2spreed&uri=http://feeds.lcsun-news.com/mngi/rss/CustomRssServlet/557/260540.xml
Las Cruces Sun News,NMSU,http://delivery.digitalfirstmedia.com/ConvergencePublisher/?format=genericxml2spreed&uri=http://feeds.lcsun-news.com/mngi/rss/CustomRssServlet/557/260541.xml
Las Cruces Sun News,Las Cruces High,http://delivery.digitalfirstmedia.com/ConvergencePublisher/?format=genericxml2spreed&uri=http://feeds.lcsun-news.com/mngi/rss/CustomRssServlet/557/260542.xml
Las Cruces Sun News,Mayfield High,http://delivery.digitalfirstmedia.com/ConvergencePublisher/?format=genericxml2spreed&uri=http://feeds.lcsun-news.com/mngi/rss/CustomRssServlet/557/260543.xml
Las Cruces Sun News,Oñate High,http://delivery.digitalfirstmedia.com/ConvergencePublisher/?format=genericxml2spreed&uri=http://feeds.lcsun-news.com/mngi/rss/CustomRssServlet/557/260544.xml
Las Cruces Sun News,National sports,http://delivery.digitalfirstmedia.com/ConvergencePublisher/?format=genericxml2spreed&uri=http://feeds.lcsun-news.com/mngi/rss/CustomRssServlet/557/260545.xml
Las Cruces Sun News,NMSU 101,http://delivery.digitalfirstmedia.com/ConvergencePublisher/?format=genericxml2spreed&uri=http://feeds.lcsun-news.com/mngi/rss/CustomRssServlet/557/260546.xml
Las Cruces Sun News,Pulse,http://delivery.digitalfirstmedia.com/ConvergencePublisher/?format=genericxml2spreed&uri=http://feeds.lcsun-news.com/mngi/rss/CustomRssServlet/557/260547.xml
Las Cruces Sun News,SunLife,http://delivery.digitalfirstmedia.com/ConvergencePublisher/?format=genericxml2spreed&uri=http://feeds.lcsun-news.com/mngi/rss/CustomRssServlet/557/260548.xml
Las Cruces Sun News,Dining,http://delivery.digitalfirstmedia.com/ConvergencePublisher/?format=genericxml2spreed&uri=http://feeds.lcsun-news.com/mngi/rss/CustomRssServlet/557/260549.xml
Las Cruces Sun News,Healthy U,http://delivery.digitalfirstmedia.com/ConvergencePublisher/?format=genericxml2spreed&uri=http://feeds.lcsun-news.com/mngi/rss/CustomRssServlet/557/260550.xml
Las Cruces Sun News,Entertainment,http://delivery.digitalfirstmedia.com/ConvergencePublisher/?format=genericxml2spreed&uri=http://feeds.lcsun-news.com/mngi/rss/CustomRssServlet/557/260551.xml
Las Cruces Sun News,BUSINESS,http://delivery.digitalfirstmedia.com/ConvergencePublisher/?format=genericxml2spreed&uri=http://feeds.lcsun-news.com/mngi/rss/CustomRssServlet/557/260552.xml
Las Cruces Sun News,OPINION,http://delivery.digitalfirstmedia.com/ConvergencePublisher/?format=genericxml2spreed&uri=http://feeds.lcsun-news.com/mngi/rss/CustomRssServlet/557/260553.xml
Farmington Daily Times,Breaking News,http://delivery.digitalfirstmedia.com/ConvergencePublisher/?format=genericxml2spreed&uri=http://feeds.daily-times.com/mngi/rss/CustomRssServlet/567/260613.xml
Farmington Daily Times,Top News,http://delivery.digitalfirstmedia.com/ConvergencePublisher/?format=genericxml2spreed&uri=http://feeds.daily-times.com/mngi/rss/CustomRssServlet/567/260614.xml
Farmington Daily Times,Sports,http://delivery.digitalfirstmedia.com/ConvergencePublisher/?format=genericxml2spreed&uri=http://feeds.daily-times.com/mngi/rss/CustomRssServlet/567/260615.xml
Farmington Daily Times,Business,http://delivery.digitalfirstmedia.com/ConvergencePublisher/?format=genericxml2spreed&uri=http://feeds.daily-times.com/mngi/rss/CustomRssServlet/567/260616.xml
Farmington Daily Times,Opinion,http://delivery.digitalfirstmedia.com/ConvergencePublisher/?format=genericxml2spreed&uri=http://feeds.daily-times.com/mngi/rss/CustomRssServlet/567/260617.xml